Customer_ID,Customer_Name,Gender,Age,City,State,Region
CUST00001,Aryan Maharaj,Male,19,Rajahmundry,Chhattisgarh,Central
CUST00002,Gagan Sami,Female,33,Ludhiana,Assam,East
CUST00003,Viraj Tiwari,Male,26,Kishanganj,Gujarat,West
CUST00004,Thomas Sen,Male,61,Chennai,Tripura,East
CUST00005,Pahal Oak,Male,55,Bhatpara,Gujarat,West
CUST00006,Harsh Chanda,Female,20,Jalandhar,Kerala,South
CUST00007,Aishani Bassi,Male,23,Jorhat,Bihar,East
CUST00008,Farhan Memon,Male,32,Gangtok,Gujarat,West
CUST00009,Chakradev Kari,Male,53,Vijayawada,West Bengal,East
CUST00010,Harrison Rai,Male,63,Malda,Rajasthan,North
CUST00011,Nicholas Prabhakar,Female,32,Bhagalpur,Sikkim,East
CUST00012,Ekbal Garg,Female,55,Ujjain,Manipur,East
CUST00013,Anamika Kanda,Female,18,Pimpri-Chinchwad,Haryana,North
CUST00014,Diya Rattan,Male,62,Amritsar,Gujarat,West
CUST00015,Simon Tata,Female,39,Berhampore,Chhattisgarh,Central
CUST00016,Liam Koshy,Female,27,Bhimavaram,Maharashtra,West
CUST00017,Janaki Kanda,Male,39,Danapur,Meghalaya,East
CUST00018,Champak Choudhary,Male,23,Kozhikode,Uttar Pradesh,North
CUST00019,Devansh Rajan,Female,24,Kavali,Manipur,East
CUST00020,Advay Contractor,Female,40,Mau,Bihar,East
CUST00021,Radhika Dugar,Female,20,Delhi,Telangana,South
CUST00022,Xiti Gokhale,Female,52,Bihar Sharif,Uttarakhand,North
CUST00023,Michael Prakash,Male,42,Panvel,Tripura,East
CUST00024,Ekiya Suresh,Male,53,Gorakhpur,Kerala,South
CUST00025,Wriddhish Bhardwaj,Female,58,Tezpur,Assam,East
CUST00026,Vedika Biswas,Female,54,Warangal,Sikkim,East
CUST00027,Noah Lanka,Male,63,Rajpur Sonarpur,Nagaland,East
CUST00028,Devika Rastogi,Male,20,Bahraich,Mizoram,East
CUST00029,Jai Kota,Male,36,Rajkot,Karnataka,South
CUST00030,Victor Kannan,Male,32,Madurai,Tamil Nadu,South
CUST00031,Veer Bir,Male,42,Bathinda,Assam,East
CUST00032,Arya Sunder,Female,47,Panvel,Chhattisgarh,Central
CUST00033,Xavier Solanki,Female,28,Jhansi,Bihar,East
CUST00034,Raagini Pandya,Female,40,Bulandshahr,Manipur,East
CUST00035,Guneet Bhat,Male,60,Sonipat,Uttar Pradesh,North
CUST00036,Yuvraj Handa,Female,62,Jorhat,Manipur,East
CUST00037,Pahal Goswami,Male,56,Surendranagar Dudhrej,Haryana,North
CUST00038,Saanvi Chaudhari,Male,52,Panvel,Uttarakhand,North
CUST00039,Girik Khalsa,Male,28,Vellore,Meghalaya,East
CUST00040,Tanay Rattan,Female,42,Dehradun,Madhya Pradesh,Central
CUST00041,Madhavi Lanka,Female,58,Baranagar,Maharashtra,West
CUST00042,Mohammed Gupta,Male,61,Bellary,Arunachal Pradesh,East
CUST00043,Dipta Bhandari,Female,21,Bhimavaram,Meghalaya,East
CUST00044,Dakshesh Trivedi,Male,20,Gaya,Assam,East
CUST00045,Wahab Raval,Female,43,Jehanabad,Haryana,North
CUST00046,Finn Saini,Female,22,Bhilwara,Gujarat,West
CUST00047,William Lanka,Male,54,Mira-Bhayandar,Sikkim,East
CUST00048,Tanvi Mutti,Female,31,Bangalore,Manipur,East
CUST00049,Ethan Yogi,Female,43,Guna,Himachal Pradesh,North
CUST00050,Ikshita Biswas,Female,27,Uluberia,Jharkhand,East
CUST00051,Raksha Mittal,Female,26,Begusarai,Jharkhand,East
CUST00052,Krish Lalla,Male,65,Aligarh,Telangana,South
CUST00053,Anita Manda,Female,65,Tiruvottiyur,Gujarat,West
CUST00054,Yashasvi Suresh,Female,55,Faridabad,Assam,East
CUST00055,Aradhana Basu,Female,41,Thoothukudi,Tripura,East
CUST00056,Adweta Edwin,Male,26,Suryapet,Tamil Nadu,South
CUST00057,Aditya Choudhury,Female,23,Jalgaon,Nagaland,East
CUST00058,Kala Divan,Male,25,Warangal,Arunachal Pradesh,East
CUST00059,Janya Baral,Male,58,Bhagalpur,Sikkim,East
CUST00060,Harshil Pandya,Male,61,Udupi,Telangana,South
CUST00061,Warjas Gaba,Female,56,Haridwar,Andhra Pradesh,South
CUST00062,Gaurangi Sabharwal,Male,42,Shimoga,Goa,West
CUST00063,Lavanya Barad,Female,56,Korba,Gujarat,West
CUST00064,Inaya Mody,Female,51,Rajahmundry,Andhra Pradesh,South
CUST00065,Mohini Narasimhan,Female,53,Coimbatore,Tripura,East
CUST00066,Indali Upadhyay,Male,61,Jorhat,Karnataka,South
CUST00067,Jack Lal,Male,61,Amaravati,Himachal Pradesh,North
CUST00068,Ikbal Saraf,Female,59,Satara,Maharashtra,West
CUST00069,Lekha Gupta,Female,25,Varanasi,Tamil Nadu,South
CUST00070,Aarav Venkatesh,Female,45,Bharatpur,Maharashtra,West
CUST00071,Ganga Murthy,Male,47,Dewas,Mizoram,East
CUST00072,Nilima Narain,Male,64,Sagar,Nagaland,East
CUST00073,Rehaan Salvi,Female,50,Akola,Punjab,North
CUST00074,Nidra Acharya,Male,50,Baranagar,Gujarat,West
CUST00075,Ekanta Shroff,Male,58,Mango,Sikkim,East
CUST00076,Yasti Solanki,Female,58,Guwahati,Jharkhand,East
CUST00077,Girik Keer,Male,27,Kamarhati,Uttar Pradesh,North
CUST00078,Manan Bakshi,Female,28,Sambalpur,Meghalaya,East
CUST00079,Tamanna Sachdeva,Male,56,Yamunanagar,Meghalaya,East
CUST00080,Yagnesh Divan,Female,49,Aligarh,Tripura,East
CUST00081,Theodore Goda,Male,25,Dhanbad,Nagaland,East
CUST00082,Jairaj Shan,Female,37,Madhyamgram,Sikkim,East
CUST00083,Saanvi Thaman,Male,21,Motihari,Manipur,East
CUST00084,Vaishnavi Sengupta,Male,54,Shahjahanpur,Uttarakhand,North
CUST00085,Vedhika Khare,Male,23,Gandhidham,Assam,East
CUST00086,Wahab Magar,Female,22,Imphal,Nagaland,East
CUST00087,Lakshit Dora,Male,26,Yamunanagar,Tamil Nadu,South
CUST00088,Tanish Bhatt,Female,53,Vellore,Karnataka,South
CUST00089,Ojasvi Bhatia,Male,34,Bidar,Madhya Pradesh,Central
CUST00090,Lajita Sood,Female,31,Nagercoil,Jharkhand,East
CUST00091,Oni Yohannan,Male,63,Morbi,Haryana,North
CUST00092,Rajata Sunder,Female,43,Pali,Karnataka,South
CUST00093,Noah Sibal,Female,46,Deoghar,Andhra Pradesh,South
CUST00094,Avi Chacko,Female,25,Bhavnagar,West Bengal,East
CUST00095,Qabil Bedi,Male,32,Nadiad,Karnataka,South
CUST00096,Suhani Narain,Male,39,Nadiad,Himachal Pradesh,North
CUST00097,Zayyan Bumb,Male,55,Surat,Telangana,South
CUST00098,Inaya Kapur,Male,55,Thane,Tripura,East
CUST00099,Yug Iyengar,Male,18,Jamnagar,Haryana,North
CUST00100,Urvashi Contractor,Male,63,Kirari Suleman Nagar,Tamil Nadu,South
CUST00101,Jyoti Ganesh,Male,32,Ujjain,Jharkhand,East
CUST00102,Atharv Muni,Male,20,Sikar,Tamil Nadu,South
CUST00103,Faqid Kibe,Female,22,Barasat,West Bengal,East
CUST00104,Benjamin Palan,Male,35,Uluberia,Assam,East
CUST00105,Advik Salvi,Female,31,Aligarh,Maharashtra,West
CUST00106,Tripti Dua,Male,64,Belgaum,Telangana,South
CUST00107,Veda Shroff,Female,33,Guntakal,Himachal Pradesh,North
CUST00108,Yatan Chadha,Female,44,Hospet,Haryana,North
CUST00109,Ladli Nayar,Male,24,Shimla,West Bengal,East
CUST00110,Qabil Sura,Male,60,Raichur,Uttar Pradesh,North
CUST00111,Harini Mammen,Female,40,Miryalaguda,Andhra Pradesh,South
CUST00112,Frederick Khurana,Female,44,Unnao,Nagaland,East
CUST00113,Vamakshi Swaminathan,Female,64,Pune,Assam,East
CUST00114,Timothy Ravel,Male,61,Farrukhabad,Sikkim,East
CUST00115,Urvashi Wali,Male,21,Khandwa,Telangana,South
CUST00116,Indira Setty,Female,64,Farrukhabad,Himachal Pradesh,North
CUST00117,Jai Hans,Female,24,Jamshedpur,Telangana,South
CUST00118,Rehaan Kalita,Male,30,Bally,Telangana,South
CUST00119,Harish Hari,Male,52,Ambattur,Kerala,South
CUST00120,Chasmum Atwal,Female,26,Panipat,Arunachal Pradesh,East
CUST00121,Brinda Date,Female,29,Kota,West Bengal,East
CUST00122,Bhavani Singh,Female,47,Gandhidham,Karnataka,South
CUST00123,Charan Krishnan,Male,22,Raipur,Uttarakhand,North
CUST00124,Nandini Swamy,Female,53,Gangtok,Rajasthan,North
CUST00125,Max Dixit,Male,21,Guwahati,Haryana,North
CUST00126,Omaja Kara,Male,23,Hospet,Manipur,East
CUST00127,Pushti Mody,Male,28,Phagwara,Telangana,South
CUST00128,Sarthak Kakar,Female,49,Jodhpur,Goa,West
CUST00129,Oscar Borde,Female,31,Delhi,Maharashtra,West
CUST00130,Upma Manne,Female,21,Ahmednagar,Jharkhand,East
CUST00131,Sudiksha Bobal,Male,42,Bilaspur,Uttar Pradesh,North
CUST00132,Pavani Contractor,Male,42,Jalgaon,Himachal Pradesh,North
CUST00133,Ekbal Bhasin,Female,47,Aizawl,Punjab,North
CUST00134,Reva Dash,Female,45,Avadi,Tamil Nadu,South
CUST00135,Anita Tella,Female,27,Bahraich,Assam,East
CUST00136,Rachana Naidu,Male,36,Indore,Assam,East
CUST00137,Ansh Luthra,Male,21,Akola,Meghalaya,East
CUST00138,Arunima Golla,Male,65,Pallavaram,Assam,East
CUST00139,Ijaya Rege,Female,21,Pondicherry,Sikkim,East
CUST00140,Naveen Narayan,Male,55,Shimla,Jharkhand,East
CUST00141,Balhaar Sha,Female,50,Satna,Himachal Pradesh,North
CUST00142,Jack Raval,Male,21,Hosur,Manipur,East
CUST00143,Chatura Guha,Male,29,Panchkula,Rajasthan,North
CUST00144,Charan Jani,Male,56,Jamalpur,Chhattisgarh,Central
CUST00145,Raksha Sundaram,Male,61,Bhopal,Rajasthan,North
CUST00146,Nathan Mukhopadhyay,Male,43,Suryapet,Maharashtra,West
CUST00147,Umang Comar,Male,54,Kochi,Rajasthan,North
CUST00148,Wishi Manne,Male,55,Vijayanagaram,Uttarakhand,North
CUST00149,Urmi Kohli,Male,57,Suryapet,Chhattisgarh,Central
CUST00150,Rayaan Trivedi,Male,44,Coimbatore,Himachal Pradesh,North
CUST00151,Harini Tripathi,Female,34,Delhi,Jharkhand,East
CUST00152,Vrishti Dixit,Male,60,Siwan,Meghalaya,East
CUST00153,Gaurangi Purohit,Female,33,Pondicherry,West Bengal,East
CUST00154,William Rajagopal,Female,43,Bulandshahr,Arunachal Pradesh,East
CUST00155,Urvashi Raj,Male,60,Saharanpur,Meghalaya,East
CUST00156,Jonathan Thakkar,Female,47,Salem,West Bengal,East
CUST00157,Harish Vora,Female,22,Kanpur,Telangana,South
CUST00158,Nimrat Dubey,Male,47,Nandyal,Uttar Pradesh,North
CUST00159,Hamsini Rao,Male,22,Ozhukarai,West Bengal,East
CUST00160,Edhitha Sura,Male,50,Tadipatri,Assam,East
CUST00161,Bhavna Karan,Female,26,Raebareli,Bihar,East
CUST00162,Sachi Ganesan,Female,22,Bhopal,Arunachal Pradesh,East
CUST00163,Daksh Memon,Male,41,Dindigul,Maharashtra,West
CUST00164,Yash Wali,Female,28,Buxar,Sikkim,East
CUST00165,Onkar Gill,Female,52,Phagwara,West Bengal,East
CUST00166,Wridesh Tank,Female,57,Ahmednagar,Manipur,East
CUST00167,Tripti Kumer,Male,60,Kirari Suleman Nagar,Jharkhand,East
CUST00168,Ethan Sathe,Female,60,Dharmavaram,Jharkhand,East
CUST00169,Zashil Shan,Male,26,Davanagere,Madhya Pradesh,Central
CUST00170,Hredhaan Khalsa,Female,25,Aurangabad,Kerala,South
CUST00171,Chakrika Bains,Male,65,Panipat,Andhra Pradesh,South
CUST00172,Watika Mangat,Male,35,Medininagar,Uttar Pradesh,North
CUST00173,Theodore Gupta,Female,56,Durgapur,Rajasthan,North
CUST00174,Balveer More,Male,63,Visakhapatnam,Odisha,East
CUST00175,Karan Chana,Female,31,Khammam,Telangana,South
CUST00176,Parth Iyer,Female,50,Panvel,Kerala,South
CUST00177,Nitesh Kurian,Female,34,Sagar,Telangana,South
CUST00178,Ishwar Sidhu,Male,23,Ajmer,Tripura,East
CUST00179,Mekhala Pau,Female,35,Tenali,Andhra Pradesh,South
CUST00180,Jatin Sha,Male,18,Firozabad,Odisha,East
CUST00181,Kamya Chokshi,Female,26,Chittoor,Andhra Pradesh,South
CUST00182,Timothy Bhatnagar,Female,28,Barasat,Rajasthan,North
CUST00183,Jackson Dey,Female,53,Agra,Jharkhand,East
CUST00184,Jack Chatterjee,Female,53,Siwan,Chhattisgarh,Central
CUST00185,Sudiksha Prabhakar,Male,25,Dharmavaram,Telangana,South
CUST00186,Oeshi Chaudhary,Male,62,Tadepalligudem,Maharashtra,West
CUST00187,Bachittar Prabhakar,Male,52,Raiganj,Manipur,East
CUST00188,Janani Chaudhary,Male,41,Tinsukia,Rajasthan,North
CUST00189,Darsh Rao,Male,45,Jhansi,Bihar,East
CUST00190,Gavin Kala,Male,20,Dhanbad,Uttar Pradesh,North
CUST00191,Yagnesh Dass,Female,41,Coimbatore,Uttarakhand,North
CUST00192,Tarak Kaul,Male,40,Siliguri,Uttar Pradesh,North
CUST00193,Aradhana Dhillon,Male,61,Panvel,Himachal Pradesh,North
CUST00194,Imaran Bal,Male,60,Kanpur,Kerala,South
CUST00195,Ekiya Babu,Male,40,Bilaspur,Arunachal Pradesh,East
CUST00196,Oviya Vora,Female,57,Rajkot,Meghalaya,East
CUST00197,Janaki Varghese,Male,33,Bidhannagar,Mizoram,East
CUST00198,Caleb Verma,Male,29,Berhampore,Rajasthan,North
CUST00199,Darsh Srinivas,Female,19,Purnia,Sikkim,East
CUST00200,Vritti Sawhney,Male,65,Jodhpur,Karnataka,South
CUST00201,Dominic Date,Female,44,Bhimavaram,Nagaland,East
CUST00202,Lakshmi Wali,Male,35,Malda,Mizoram,East
CUST00203,Hardik Contractor,Male,62,Chinsurah,Manipur,East
CUST00204,Odika Nori,Male,42,Silchar,Maharashtra,West
CUST00205,Dhriti Sane,Male,48,Rohtak,Kerala,South
CUST00206,Urvi Bhavsar,Male,30,Guwahati,Assam,East
CUST00207,Gopal Pradhan,Female,40,Miryalaguda,Arunachal Pradesh,East
CUST00208,Jason Roy,Female,32,Bhusawal,West Bengal,East
CUST00209,Bhavna Muni,Male,19,Vasai-Virar,Odisha,East
CUST00210,Mohammed Subramaniam,Male,43,Moradabad,Kerala,South
CUST00211,Ishwar Mallick,Female,35,Haldia,West Bengal,East
CUST00212,Amara Balakrishnan,Male,35,Darbhanga,Tamil Nadu,South
CUST00213,Harinakshi Panchal,Female,59,Bokaro,West Bengal,East
CUST00214,Nandini Boase,Female,61,Ludhiana,Assam,East
CUST00215,Krisha Saini,Female,19,Mau,Goa,West
CUST00216,Devika Nair,Male,34,Faridabad,Chhattisgarh,Central
CUST00217,Chandran Bumb,Male,55,Mango,Sikkim,East
CUST00218,Vedika Sathe,Female,20,Darbhanga,Gujarat,West
CUST00219,Hemani Sani,Male,56,Anantapuram,Sikkim,East
CUST00220,Darika Bath,Female,40,Tenali,Punjab,North
CUST00221,Abhimanyu Jayaraman,Female,45,Rajpur Sonarpur,Tripura,East
CUST00222,Aadhya Mann,Male,42,Jamshedpur,Andhra Pradesh,South
CUST00223,Qushi Gill,Male,34,Nadiad,Nagaland,East
CUST00224,Xiti Pandya,Male,63,Sikar,West Bengal,East
CUST00225,Rajata Bahl,Female,18,Solapur,West Bengal,East
CUST00226,Pushti Ravel,Male,41,Ramagundam,Bihar,East
CUST00227,Ansh Nair,Female,22,Tadipatri,Manipur,East
CUST00228,Gaurang Sarkar,Female,57,Latur,Maharashtra,West
CUST00229,Farhan Randhawa,Female,60,Sonipat,Haryana,North
CUST00230,Om Bose,Male,64,Bettiah,Mizoram,East
CUST00231,Ikshita Panchal,Female,50,Noida,Bihar,East
CUST00232,Aahana Hora,Female,60,Madanapalle,Chhattisgarh,Central
CUST00233,Peter Tak,Female,38,Phusro,Tripura,East
CUST00234,Ekantika Mutti,Female,62,Gandhidham,Assam,East
CUST00235,Riya Mitter,Female,53,Gudivada,Arunachal Pradesh,East
CUST00236,Yashica Borah,Male,30,Surendranagar Dudhrej,Manipur,East
CUST00237,Dakshesh Pillay,Female,60,Solapur,Rajasthan,North
CUST00238,Yashica Rajagopalan,Female,61,Amaravati,Nagaland,East
CUST00239,Shivani Guha,Male,57,Mahbubnagar,Meghalaya,East
CUST00240,David Seshadri,Female,43,Tiruvottiyur,Tamil Nadu,South
CUST00241,Yamini Gera,Male,37,Shahjahanpur,Tamil Nadu,South
CUST00242,Reva Viswanathan,Female,31,Bharatpur,Kerala,South
CUST00243,Lila Rege,Female,55,Khora ,Arunachal Pradesh,East
CUST00244,Dominic Narayan,Female,47,Proddatur,Sikkim,East
CUST00245,Bhanumati Krishnan,Female,46,Thoothukudi,Assam,East
CUST00246,Inaya Mukherjee,Male,50,Bikaner,Punjab,North
CUST00247,Dayita Puri,Female,65,Warangal,Sikkim,East
CUST00248,Pallavi Trivedi,Male,60,Surat,Kerala,South
CUST00249,Pranit Kala,Male,36,Shivpuri,Gujarat,West
CUST00250,Laksh Dubey,Female,23,Sagar,West Bengal,East
CUST00251,Yashica Zacharia,Male,61,Naihati,Tripura,East
CUST00252,Krisha Dube,Female,32,Bokaro,Uttarakhand,North
CUST00253,Raksha Bassi,Male,27,Bharatpur,Sikkim,East
CUST00254,Sachi Mane,Male,20,Muzaffarpur,Nagaland,East
CUST00255,Dayamai Singh,Male,48,Arrah,Sikkim,East
CUST00256,Triya Manda,Male,47,Ambala,Mizoram,East
CUST00257,Neel Iyengar,Female,58,Chandrapur,Arunachal Pradesh,East
CUST00258,Kamya Chauhan,Male,63,Anantapuram,Assam,East
CUST00259,Anjali Sengupta,Female,49,Junagadh,Assam,East
CUST00260,Shravya Palla,Female,33,Vijayanagaram,Arunachal Pradesh,East
CUST00261,Yadavi Prakash,Male,59,Kharagpur,Assam,East
CUST00262,Udarsh Bala,Male,24,Navi Mumbai,Uttarakhand,North
CUST00263,Madhav Devan,Female,32,Baranagar,Uttarakhand,North
CUST00264,Liam Singh,Male,62,Tadepalligudem,Andhra Pradesh,South
CUST00265,Anirudh Kunda,Female,21,Jalgaon,Nagaland,East
CUST00266,Indrajit Mani,Male,25,Barasat,Bihar,East
CUST00267,William Saini,Female,26,Rajkot,Bihar,East
CUST00268,Amol Varma,Female,60,Asansol,Jharkhand,East
CUST00269,Aarav Pandit,Female,46,Aurangabad,Maharashtra,West
CUST00270,Frederick Viswanathan,Female,53,Jabalpur,Mizoram,East
CUST00271,Madhavi Singhal,Female,28,Munger,Kerala,South
CUST00272,Amol Parikh,Female,46,Hapur,Haryana,North
CUST00273,Gaurangi Deol,Female,33,Nagercoil,Nagaland,East
CUST00274,Parth Shetty,Female,51,South Dumdum,Uttar Pradesh,North
CUST00275,Dev Shankar,Female,58,Durg,Gujarat,West
CUST00276,Ryan Barman,Male,35,Tirupati,Mizoram,East
CUST00277,Urvashi Kulkarni,Female,22,Jhansi,Jharkhand,East
CUST00278,Champak Narula,Female,33,Amravati,Uttar Pradesh,North
CUST00279,Rajeshri Ratta,Female,39,Kharagpur,Karnataka,South
CUST00280,Watika Tank,Female,52,Kadapa,Himachal Pradesh,North
CUST00281,Panini Brar,Male,26,Madanapalle,Uttarakhand,North
CUST00282,Chaaya Nagi,Male,32,Vijayawada,Karnataka,South
CUST00283,Damini Sehgal,Female,62,Rourkela,Tamil Nadu,South
CUST00284,Indali Sekhon,Male,63,Nagercoil,Punjab,North
CUST00285,Anvi Bhandari,Male,22,Machilipatnam,Kerala,South
CUST00286,Azaan Dhar,Female,44,Visakhapatnam,Chhattisgarh,Central
CUST00287,Warinder Peri,Female,52,Yamunanagar,Odisha,East
CUST00288,Mitesh Sengupta,Female,44,Serampore,Manipur,East
CUST00289,Laksh Wagle,Male,31,Sikar,Karnataka,South
CUST00290,Zaid Comar,Female,42,Gaya,Meghalaya,East
CUST00291,Jacob Lala,Male,54,Amroha,Gujarat,West
CUST00292,Vritti Iyengar,Female,48,Bhavnagar,West Bengal,East
CUST00293,Siya Gera,Male,40,Chandigarh,Uttar Pradesh,North
CUST00294,Idika Bhattacharyya,Female,42,Dewas,West Bengal,East
CUST00295,Owen Pathak,Female,52,Bhilai,Gujarat,West
CUST00296,Warjas Tak,Male,49,Karimnagar,Nagaland,East
CUST00297,Unni Dayal,Male,35,Amritsar,Jharkhand,East
CUST00298,Varenya Vora,Female,49,Alappuzha,Uttarakhand,North
CUST00299,Jeremiah Nadig,Male,42,Hospet,Manipur,East
CUST00300,Kabir Gopal,Female,60,Bhiwani,Mizoram,East
CUST00301,Jeet Vasa,Female,64,Avadi,Goa,West
CUST00302,Ekantika Kar,Male,47,Kadapa,Jharkhand,East
CUST00303,Zashil Hegde,Male,57,Cuttack,Rajasthan,North
CUST00304,Girik Thakkar,Male,43,Guntakal,Odisha,East
CUST00305,Onveer Nazareth,Male,23,Bhopal,Assam,East
CUST00306,Alka Kade,Female,26,Tadipatri,Rajasthan,North
CUST00307,Widisha Mann,Female,29,Karawal Nagar,Haryana,North
CUST00308,Chameli Setty,Male,34,Allahabad,Goa,West
CUST00309,Ojasvi Sule,Female,38,Kurnool,Karnataka,South
CUST00310,Dhriti Nagar,Male,47,Silchar,Chhattisgarh,Central
CUST00311,Yutika Cherian,Female,39,New Delhi,Manipur,East
CUST00312,Amara Sengupta,Female,35,Ajmer,Bihar,East
CUST00313,Bina Rajagopalan,Female,34,Kulti,West Bengal,East
CUST00314,Falak Munshi,Male,48,Kozhikode,Meghalaya,East
CUST00315,Wishi Morar,Male,65,Lucknow,Assam,East
CUST00316,Yashasvi Shankar,Male,40,Thrissur,Odisha,East
CUST00317,Chanakya Bedi,Male,59,Shimla,Punjab,North
CUST00318,Bhavika Yadav,Male,59,Moradabad,Maharashtra,West
CUST00319,Aishani Pau,Male,19,Ambarnath,Arunachal Pradesh,East
CUST00320,Charan Hayer,Male,30,Begusarai,Jharkhand,East
CUST00321,Libni Thaman,Male,57,Jamalpur,Himachal Pradesh,North
CUST00322,Kabir Chatterjee,Male,33,Dindigul,Uttar Pradesh,North
CUST00323,Jasmit Dhawan,Male,48,Madanapalle,Mizoram,East
CUST00324,Xiti Baria,Male,54,Agra,Chhattisgarh,Central
CUST00325,Urvi Venkataraman,Male,47,Jalgaon,Punjab,North
CUST00326,Falak Nagar,Female,41,Singrauli,Punjab,North
CUST00327,Gayathri Tripathi,Male,56,Phusro,Jharkhand,East
CUST00328,Anay Pillay,Male,28,Bhubaneswar,Maharashtra,West
CUST00329,Avi Som,Female,24,Adoni,Odisha,East
CUST00330,Charan Srinivasan,Male,37,Loni,Rajasthan,North
CUST00331,Manbir Kibe,Female,43,Chapra,Tamil Nadu,South
CUST00332,Rayaan Bahl,Male,22,Satara,Maharashtra,West
CUST00333,Nitara Jani,Male,24,Orai,Tripura,East
CUST00334,David Devi,Female,61,Kishanganj,Karnataka,South
CUST00335,Krisha Murthy,Male,54,Jaunpur,Nagaland,East
CUST00336,Irya Lalla,Male,40,Nellore,Haryana,North
CUST00337,Chanchal Kar,Female,60,Tumkur,Tamil Nadu,South
CUST00338,Vrinda Nadig,Female,22,Karnal,Nagaland,East
CUST00339,Bhavna Dara,Female,18,Tenali,Uttarakhand,North
CUST00340,Madhav Mannan,Female,49,Tumkur,Tamil Nadu,South
CUST00341,Hiral Sathe,Male,45,Nangloi Jat,Gujarat,West
CUST00342,Anika Magar,Female,58,Moradabad,Punjab,North
CUST00343,Xavier Bedi,Female,63,Muzaffarpur,Arunachal Pradesh,East
CUST00344,Odika Narayanan,Male,45,Salem,Sikkim,East
CUST00345,Abdul Dugar,Male,64,Fatehpur,Meghalaya,East
CUST00346,Bhavna Nagi,Female,57,Allahabad,Tripura,East
CUST00347,Vincent Warrior,Female,47,Akola,Maharashtra,West
CUST00348,Balhaar Ranganathan,Female,64,Gaya,Telangana,South
CUST00349,Baljiwan Andra,Female,38,Tezpur,Punjab,North
CUST00350,Gautami Mane,Male,23,Tinsukia,Mizoram,East
CUST00351,Krish Thaman,Female,46,Darbhanga,Gujarat,West
CUST00352,Ganga Gaba,Male,47,Bardhaman,Tamil Nadu,South
CUST00353,Akshay Nazareth,Female,39,Tezpur,Sikkim,East
CUST00354,Parth Ravi,Male,49,Kottayam,Karnataka,South
CUST00355,Nandini Chandran,Female,29,Kolhapur,Meghalaya,East
CUST00356,Yuvraj Ahuja,Female,31,Yamunanagar,Haryana,North
CUST00357,Amara Narayan,Female,34,Ballia,Telangana,South
CUST00358,Advika Parsa,Female,35,Ghaziabad,Sikkim,East
CUST00359,Udyati Mohanty,Female,53,Machilipatnam,Sikkim,East
CUST00360,Jacob Merchant,Male,51,Srikakulam,Haryana,North
CUST00361,Kiaan Sridhar,Male,23,Malda,Telangana,South
CUST00362,Ojasvi Sinha,Male,64,Shahjahanpur,Sikkim,East
CUST00363,Sanya Wable,Female,49,Solapur,Odisha,East
CUST00364,David Tiwari,Male,62,Chapra,Nagaland,East
CUST00365,Nitesh Narang,Female,59,Bhiwandi,Sikkim,East
CUST00366,Vrinda Chand,Female,46,Pimpri-Chinchwad,Manipur,East
CUST00367,Yochana Sagar,Male,23,Phusro,Arunachal Pradesh,East
CUST00368,Darika Bains,Female,32,Rohtak,Uttarakhand,North
CUST00369,Tejas Bora,Female,62,Bhusawal,Kerala,South
CUST00370,Darpan Biswas,Male,37,Patna,Jharkhand,East
CUST00371,Pranit Deshmukh,Female,48,Dindigul,Madhya Pradesh,Central
CUST00372,Krishna Prashad,Female,45,Panvel,Chhattisgarh,Central
CUST00373,Jagat Gokhale,Female,40,Dehri,Chhattisgarh,Central
CUST00374,Aarush Bajaj,Female,35,Madhyamgram,Sikkim,East
CUST00375,Ladli Karpe,Female,34,Jaunpur,Kerala,South
CUST00376,Anya Gulati,Male,25,Patna,Uttar Pradesh,North
CUST00377,Amol Khosla,Male,38,Jabalpur,Bihar,East
CUST00378,Sanya Bava,Male,65,Varanasi,Madhya Pradesh,Central
CUST00379,Vivaan Zacharia,Male,30,Pimpri-Chinchwad,Chhattisgarh,Central
CUST00380,Vivaan Nagar,Male,65,Patiala,Jharkhand,East
CUST00381,Timothy Sachdev,Female,35,Panipat,Arunachal Pradesh,East
CUST00382,Prisha Tandon,Female,24,Hapur,Rajasthan,North
CUST00383,Eiravati Saha,Male,36,Jalgaon,Jharkhand,East
CUST00384,Qarin Yogi,Male,41,New Delhi,West Bengal,East
CUST00385,Charita Dhawan,Male,37,Howrah,Nagaland,East
CUST00386,Omaja Wagle,Male,63,Munger,Haryana,North
CUST00387,Samar Narayanan,Male,35,Hospet,West Bengal,East
CUST00388,George Wason,Male,21,Faridabad,Himachal Pradesh,North
CUST00389,Balveer Bora,Female,62,Dharmavaram,Telangana,South
CUST00390,Varenya Joshi,Male,58,Avadi,Andhra Pradesh,South
CUST00391,Ranveer Dalal,Female,24,Latur,Tamil Nadu,South
CUST00392,Mekhala Khatri,Male,54,Ichalkaranji,Madhya Pradesh,Central
CUST00393,Jagrati Morar,Female,48,Karimnagar,Mizoram,East
CUST00394,Unnati Chaudhari,Female,46,Imphal,Gujarat,West
CUST00395,Dhriti Sachdev,Female,29,Phusro,West Bengal,East
CUST00396,Madhav Babu,Male,34,Begusarai,Odisha,East
CUST00397,Chakrika Dua,Female,25,Ozhukarai,Haryana,North
CUST00398,Yatan Tata,Male,43,Bardhaman,Tripura,East
CUST00399,Vritti Sharma,Female,22,Nagercoil,Goa,West
CUST00400,Vrinda Gour,Male,27,Loni,Arunachal Pradesh,East
CUST00401,Chanakya Ahuja,Male,54,Durgapur,Uttarakhand,North
CUST00402,Ekansh Dora,Female,23,Bellary,Mizoram,East
CUST00403,Kashvi Bhasin,Male,25,Morbi,Andhra Pradesh,South
CUST00404,Nisha Arora,Female,56,Bettiah,Telangana,South
CUST00405,Bhavini Badal,Male,51,Mangalore,Bihar,East
CUST00406,Manthan Khosla,Female,46,Udupi,Mizoram,East
CUST00407,Irya Loke,Female,37,Vijayawada,Kerala,South
CUST00408,Tripti Kohli,Female,37,Dewas,Sikkim,East
CUST00409,Azad Chander,Male,57,Nadiad,Madhya Pradesh,Central
CUST00410,Daksh Andra,Male,31,Gwalior,Meghalaya,East
CUST00411,Garima Chandran,Male,34,Berhampur,Gujarat,West
CUST00412,Anika Batra,Male,28,Parbhani,Nagaland,East
CUST00413,Praneel Murty,Male,29,Dhule,Odisha,East
CUST00414,Mitali Bose,Male,28,Ujjain,Odisha,East
CUST00415,Lopa Zachariah,Male,44,Yamunanagar,Tripura,East
CUST00416,Farhan Tella,Female,62,Meerut,Bihar,East
CUST00417,Vincent Borra,Female,36,Mahbubnagar,Tripura,East
CUST00418,Eta Balan,Male,32,Hospet,Meghalaya,East
CUST00419,Ishani Prashad,Female,63,Gaya,Sikkim,East
CUST00420,Frederick Merchant,Female,62,Srinagar,Assam,East
CUST00421,Mitesh Rai,Female,22,Pali,Karnataka,South
CUST00422,Hredhaan Chand,Male,34,Aizawl,Manipur,East
CUST00423,Anamika Chaudry,Male,45,Chandigarh,Goa,West
CUST00424,Saumya Vala,Male,52,Kota,Andhra Pradesh,South
CUST00425,Irya Chander,Male,59,Kharagpur,Andhra Pradesh,South
CUST00426,Odika Rama,Male,35,Karaikudi,Haryana,North
CUST00427,Lajita Gara,Male,22,Agartala,Jharkhand,East
CUST00428,Waida Dhingra,Male,28,Rourkela,Maharashtra,West
CUST00429,Oviya Mistry,Female,56,Solapur,Kerala,South
CUST00430,Yatin Tandon,Female,46,Berhampore,Bihar,East
CUST00431,Daksha Ahuja,Male,47,Thoothukudi,Uttarakhand,North
CUST00432,Forum Sarraf,Female,62,Chinsurah,Uttarakhand,North
CUST00433,Charita Nagi,Female,35,Nangloi Jat,Karnataka,South
CUST00434,Mitali Nagar,Female,46,Pallavaram,Odisha,East
CUST00435,Eshana Puri,Male,56,Singrauli,Kerala,South
CUST00436,Ryan Gole,Male,45,Surendranagar Dudhrej,Tamil Nadu,South
CUST00437,Raksha Manne,Female,56,Alappuzha,Sikkim,East
CUST00438,Liam Mitter,Female,19,Nizamabad,Sikkim,East
CUST00439,Pallavi Purohit,Male,32,Sultan Pur Majra,Punjab,North
CUST00440,Nandini Warrior,Male,61,Tinsukia,Arunachal Pradesh,East
CUST00441,Frederick Chopra,Female,54,Raichur,Goa,West
CUST00442,Mugdha Narula,Male,29,Aligarh,Andhra Pradesh,South
CUST00443,Aarna Kapadia,Female,51,Amroha,Kerala,South
CUST00444,Ubika Tella,Female,35,Hapur,Andhra Pradesh,South
CUST00445,Henry Merchant,Male,55,Guwahati,Bihar,East
CUST00446,Ijaya Muni,Female,58,Sirsa,Uttar Pradesh,North
CUST00447,Vasudha Pall,Female,23,Jalandhar,Manipur,East
CUST00448,Eiravati Bhavsar,Female,40,Varanasi,Uttar Pradesh,North
CUST00449,Arin Oza,Female,39,Dehradun,Telangana,South
CUST00450,Zaitra Ghosh,Female,60,Bathinda,Nagaland,East
CUST00451,Turvi Kata,Male,28,Udaipur,Goa,West
CUST00452,Meghana Balakrishnan,Female,44,Hospet,Odisha,East
CUST00453,Lopa Agrawal,Female,36,Tiruppur,Himachal Pradesh,North
CUST00454,Harsh Yadav,Female,53,Ambarnath,Karnataka,South
CUST00455,Tanvi Comar,Male,47,Unnao,Mizoram,East
CUST00456,Lipika Ramanathan,Male,38,Karnal,Kerala,South
CUST00457,Orinder Mishra,Female,38,Guntur,Karnataka,South
CUST00458,William Mody,Male,43,South Dumdum,Kerala,South
CUST00459,Yasti Rama,Male,60,Kavali,Chhattisgarh,Central
CUST00460,Pallavi Grewal,Female,44,Siwan,Tamil Nadu,South
CUST00461,Ojas Suri,Male,30,Kolhapur,Goa,West
CUST00462,Shravya Bera,Female,57,Bangalore,Meghalaya,East
CUST00463,Robert Rajagopalan,Female,58,Alappuzha,Sikkim,East
CUST00464,Ojasvi Sawhney,Female,21,Rourkela,Assam,East
CUST00465,Thomas Master,Male,35,Panipat,Haryana,North
CUST00466,Om Shankar,Male,36,Jamalpur,Mizoram,East
CUST00467,Ishaan Loyal,Female,62,Hosur,Uttarakhand,North
CUST00468,Ridhi Kamdar,Female,25,Kota,Telangana,South
CUST00469,Chameli Bali,Male,58,Firozabad,Kerala,South
CUST00470,Reva Dalal,Male,63,Bhagalpur,Uttar Pradesh,North
CUST00471,Priya Gandhi,Male,37,Tiruppur,Uttarakhand,North
CUST00472,Daniel Panchal,Male,53,Kavali,Nagaland,East
CUST00473,Ekiya Master,Female,23,Chapra,Himachal Pradesh,North
CUST00474,Krishna Sabharwal,Male,25,Bally,West Bengal,East
CUST00475,Kevin Krish,Female,25,Pondicherry,Uttarakhand,North
CUST00476,Maya Suri,Male,49,Gangtok,Rajasthan,North
CUST00477,Oeshi Prashad,Female,50,Aurangabad,Rajasthan,North
CUST00478,Neha Varma,Female,44,Arrah,Manipur,East
CUST00479,Falak Agate,Female,48,Berhampore,Rajasthan,North
CUST00480,Dev Warrior,Male,47,Bellary,Maharashtra,West
CUST00481,Warda Loyal,Male,42,Anantapuram,Karnataka,South
CUST00482,Vedhika Oza,Male,56,Ranchi,Bihar,East
CUST00483,Amol Dash,Male,22,Gandhidham,Manipur,East
CUST00484,Priya Jain,Female,44,Barasat,Goa,West
CUST00485,Girik Patel,Female,50,Gwalior,Kerala,South
CUST00486,Charles Randhawa,Female,18,Muzaffarpur,Maharashtra,West
CUST00487,Girish Agarwal,Female,64,Morena,Assam,East
CUST00488,Upkaar Venkataraman,Female,55,Bangalore,Andhra Pradesh,South
CUST00489,Jai Sami,Female,27,Morena,Assam,East
CUST00490,Leela Chakraborty,Female,52,Kota,Karnataka,South
CUST00491,Chandani Devan,Female,40,Guntur,Rajasthan,North
CUST00492,Ekapad Wali,Female,53,Phagwara,Rajasthan,North
CUST00493,Ria Panchal,Female,47,Saharanpur,Maharashtra,West
CUST00494,Teerth Chadha,Female,30,Kolhapur,Tripura,East
CUST00495,Leena Panchal,Male,54,Satna,Uttar Pradesh,North
CUST00496,Yug Malhotra,Female,32,Kulti,Nagaland,East
CUST00497,Avi Mitra,Female,20,Kadapa,Punjab,North
CUST00498,Manya Merchant,Female,65,Mathura,Meghalaya,East
CUST00499,Isaiah Khosla,Female,63,Hindupur,Assam,East
CUST00500,Jalsa Nadig,Female,42,Munger,West Bengal,East
CUST00501,Jasmit Gera,Male,49,Srinagar,Andhra Pradesh,South
CUST00502,Akshay Lala,Male,26,Thane,Arunachal Pradesh,East
CUST00503,Yashawini Mangat,Female,24,Bhusawal,Tamil Nadu,South
CUST00504,Fitan Yadav,Female,24,Alwar,Assam,East
CUST00505,Farhan Vaidya,Female,18,Bhatpara,Nagaland,East
CUST00506,Mahika Bhatti,Male,44,Junagadh,Telangana,South
CUST00507,Dalbir Konda,Male,22,Raebareli,Bihar,East
CUST00508,Christopher More,Female,34,Jamshedpur,Andhra Pradesh,South
CUST00509,Advay Gade,Female,57,Sri Ganganagar,Mizoram,East
CUST00510,Ojas Prabhu,Female,59,Agartala,Telangana,South
CUST00511,Ayushman Nayak,Male,39,Darbhanga,Mizoram,East
CUST00512,Adya Bose,Female,38,Sirsa,Mizoram,East
CUST00513,Christopher Tata,Female,52,Arrah,Goa,West
CUST00514,Harshil D’Alia,Male,57,Danapur,Andhra Pradesh,South
CUST00515,Advik Konda,Male,33,Chittoor,Kerala,South
CUST00516,Mason Gola,Female,32,Begusarai,Uttar Pradesh,North
CUST00517,Udarsh Nagy,Male,45,Erode,Telangana,South
CUST00518,Anika Brahmbhatt,Male,58,Jamshedpur,Mizoram,East
CUST00519,Praneel Kapoor,Male,46,Rewa,Assam,East
CUST00520,Barkha Mukhopadhyay,Male,62,Chandigarh,Nagaland,East
CUST00521,Abhiram Pillay,Female,19,Jalna,Odisha,East
CUST00522,Xavier Shetty,Male,38,Gudivada,Meghalaya,East
CUST00523,Yatan Dora,Male,36,Alappuzha,Andhra Pradesh,South
CUST00524,Hiral Andra,Female,41,Mumbai,Tripura,East
CUST00525,Damyanti Chawla,Female,27,Bettiah,Haryana,North
CUST00526,Vyanjana Bhasin,Male,51,Parbhani,Assam,East
CUST00527,Vincent Venkatesh,Female,54,Serampore,Manipur,East
CUST00528,Girish Tiwari,Male,28,Singrauli,Assam,East
CUST00529,Radhika De,Male,23,Jalna,Himachal Pradesh,North
CUST00530,Maya Narain,Female,57,Bidhannagar,Himachal Pradesh,North
CUST00531,Falan Jain,Male,49,Bhimavaram,Bihar,East
CUST00532,Hitesh Gala,Male,32,Kirari Suleman Nagar,Karnataka,South
CUST00533,Jai Wason,Female,58,Dhule,Manipur,East
CUST00534,Ubika Lanka,Female,47,Mysore,Goa,West
CUST00535,Banjeet Kale,Female,60,Siliguri,Assam,East
CUST00536,Ishani Randhawa,Male,47,Dewas,Himachal Pradesh,North
CUST00537,Azaan Ravel,Female,61,Miryalaguda,Telangana,South
CUST00538,Girindra Shere,Male,22,Kolhapur,Bihar,East
CUST00539,David Kapadia,Female,40,Davanagere,Uttarakhand,North
CUST00540,Kashish Chad,Female,58,Aurangabad,Andhra Pradesh,South
CUST00541,Rudra Sawhney,Female,62,Tiruchirappalli,West Bengal,East
CUST00542,Jason Basak,Female,47,Dhanbad,Goa,West
CUST00543,Megha Taneja,Female,30,Eluru,Sikkim,East
CUST00544,Orinder Pandya,Female,48,Gaya,Himachal Pradesh,North
CUST00545,Sanaya Dixit,Male,33,Srikakulam,Punjab,North
CUST00546,Chakrika Tara,Female,54,Jamalpur,Meghalaya,East
CUST00547,Gagan Mammen,Female,54,Durgapur,Maharashtra,West
CUST00548,Zaid Bahl,Female,62,Secunderabad,Meghalaya,East
CUST00549,Hemangini Thakkar,Female,19,Munger,Himachal Pradesh,North
CUST00550,Atharv Nagar,Female,35,Ludhiana,Uttar Pradesh,North
CUST00551,Dalbir Sodhi,Male,54,Bhimavaram,Haryana,North
CUST00552,Harish Kota,Male,56,Shimoga,Nagaland,East
CUST00553,Theodore Rama,Female,36,Malegaon,Goa,West
CUST00554,Eesha Parmer,Male,56,Nagercoil,Odisha,East
CUST00555,Raghav Tailor,Female,32,Akola,Meghalaya,East
CUST00556,Gautam Bhalla,Male,57,Madanapalle,Haryana,North
CUST00557,Vanya Acharya,Female,61,Srikakulam,Gujarat,West
CUST00558,Harini Goel,Male,58,Allahabad,Andhra Pradesh,South
CUST00559,Lucky Choudhry,Male,58,Srinagar,Kerala,South
CUST00560,Harrison Nayar,Male,37,North Dumdum,Chhattisgarh,Central
CUST00561,Rajeshri Sur,Female,20,Akola,Tamil Nadu,South
CUST00562,Udant Gill,Female,64,Aizawl,Telangana,South
CUST00563,Joshua Goel,Male,23,Chapra,Madhya Pradesh,Central
CUST00564,Qabil Nadkarni,Female,38,Buxar,Bihar,East
CUST00565,Lohit Narula,Female,29,Patiala,Kerala,South
CUST00566,Oliver Chakrabarti,Male,26,Amroha,Andhra Pradesh,South
CUST00567,Shaurya Krish,Female,51,Etawah,Himachal Pradesh,North
CUST00568,Aarav Bava,Female,28,Bahraich,Telangana,South
CUST00569,Ojas Sachdev,Female,48,Burhanpur,Kerala,South
CUST00570,Harrison Srinivas,Female,65,Ujjain,Manipur,East
CUST00571,Bahadurjit Menon,Female,25,Imphal,Himachal Pradesh,North
CUST00572,Ethan Oommen,Female,22,Gandhinagar,Goa,West
CUST00573,Girik Nigam,Male,32,Ludhiana,Maharashtra,West
CUST00574,Radha Dugar,Female,53,Salem,Karnataka,South
CUST00575,Ranveer Rout,Female,23,Ichalkaranji,Jharkhand,East
CUST00576,Gopal Bawa,Female,18,Aurangabad,Nagaland,East
CUST00577,Mitesh Bhagat,Female,52,Delhi,Maharashtra,West
CUST00578,Chaitaly Srinivasan,Male,47,Jalandhar,Andhra Pradesh,South
CUST00579,Onkar Manne,Female,61,Bhalswa Jahangir Pur,West Bengal,East
CUST00580,Darika Rao,Female,55,Unnao,Sikkim,East
CUST00581,Gavin Ram,Female,58,Uluberia,Madhya Pradesh,Central
CUST00582,Rachit Sehgal,Female,24,Firozabad,Manipur,East
CUST00583,Adya Kara,Male,48,Phusro,Arunachal Pradesh,East
CUST00584,Gunbir Chada,Male,57,Hosur,Maharashtra,West
CUST00585,Darsh Ram,Female,57,Jorhat,Sikkim,East
CUST00586,Warinder Soni,Male,59,Vijayawada,Madhya Pradesh,Central
CUST00587,Yadavi Varughese,Male,58,Jamshedpur,Tripura,East
CUST00588,Oscar Ganesh,Female,62,Nellore,Chhattisgarh,Central
CUST00589,Pallavi Brar,Female,59,Panihati,Uttarakhand,North
CUST00590,Aarna Nagarajan,Female,25,Chandigarh,Madhya Pradesh,Central
CUST00591,Eshana Majumdar,Male,20,Ahmedabad,Uttar Pradesh,North
CUST00592,Isaiah Sachdeva,Male,37,Siliguri,Odisha,East
CUST00593,Hitesh Chaudhuri,Female,25,Jorhat,Kerala,South
CUST00594,Aishani Rajagopal,Male,33,Aurangabad,Punjab,North
CUST00595,Baljiwan Gera,Male,42,Sambhal,Chhattisgarh,Central
CUST00596,Balvan Randhawa,Female,41,Patiala,Arunachal Pradesh,East
CUST00597,Amruta Pradhan,Female,55,Naihati,Uttarakhand,North
CUST00598,Deepa Mand,Male,44,Navi Mumbai,West Bengal,East
CUST00599,Krish Mital,Male,49,Pondicherry,Himachal Pradesh,North
CUST00600,Gaurav Guha,Female,35,Rajpur Sonarpur,Uttarakhand,North
CUST00601,Vedhika Varty,Male,62,Pimpri-Chinchwad,Mizoram,East
CUST00602,Dominic Mukhopadhyay,Female,31,Bhavnagar,Tripura,East
CUST00603,Oscar Hans,Female,46,Howrah,Haryana,North
CUST00604,Tanmayi Bedi,Male,41,Davanagere,Himachal Pradesh,North
CUST00605,Ucchal Tiwari,Male,61,Amravati,Sikkim,East
CUST00606,Wyatt Pradhan,Female,52,Hindupur,Manipur,East
CUST00607,Urvi Palla,Female,21,Ujjain,Uttarakhand,North
CUST00608,Gautam Mane,Female,35,Kharagpur,Arunachal Pradesh,East
CUST00609,Tanish Kant,Male,25,Tiruppur,Himachal Pradesh,North
CUST00610,Yochana Bahri,Female,23,Bhalswa Jahangir Pur,Chhattisgarh,Central
CUST00611,Abhiram Kapur,Male,59,Narasaraopet,Uttar Pradesh,North
CUST00612,Anvi Sampath,Male,21,Karnal,Manipur,East
CUST00613,Tejas Shukla,Female,33,Saharsa,Uttarakhand,North
CUST00614,Harsh Amble,Male,54,Kishanganj,Rajasthan,North
CUST00615,Chanchal Chokshi,Male,22,Rajkot,Karnataka,South
CUST00616,Ekta Malhotra,Male,55,Bihar Sharif,Gujarat,West
CUST00617,Zansi Khosla,Male,32,Ghaziabad,Madhya Pradesh,Central
CUST00618,Logan Bal,Female,27,Sagar,Himachal Pradesh,North
CUST00619,Nidhi Rama,Male,35,Ballia,Tamil Nadu,South
CUST00620,Hemal Kapadia,Male,26,Secunderabad,Mizoram,East
CUST00621,Onkar Golla,Female,29,Jalandhar,Meghalaya,East
CUST00622,Aarna Goswami,Male,60,Hubli–Dharwad,Haryana,North
CUST00623,Udant Mohanty,Male,26,Bathinda,Kerala,South
CUST00624,Chaitaly Sheth,Male,40,Nandyal,Arunachal Pradesh,East
CUST00625,Urmi Hayer,Male,55,Eluru,Mizoram,East
CUST00626,Odika Bhagat,Female,19,Durgapur,Gujarat,West
CUST00627,Nimrat Shankar,Male,34,Satna,West Bengal,East
CUST00628,Faris Sura,Male,26,Belgaum,Karnataka,South
CUST00629,Aayush Seth,Female,51,Bhagalpur,Tripura,East
CUST00630,Nathan Suri,Male,65,Bikaner,Punjab,North
CUST00631,Pushti Raval,Male,48,Morena,Madhya Pradesh,Central
CUST00632,Baljiwan Walla,Female,41,Dindigul,Andhra Pradesh,South
CUST00633,Rayaan Badami,Male,46,Kulti,Haryana,North
CUST00634,Devika Dayal,Male,57,Yamunanagar,Mizoram,East
CUST00635,Oliver Bhattacharyya,Male,64,Bihar Sharif,Jharkhand,East
CUST00636,Zinal Viswanathan,Female,47,Raebareli,Sikkim,East
CUST00637,Hema Suri,Male,21,Maheshtala,Goa,West
CUST00638,Anirudh Kari,Female,43,Mira-Bhayandar,Gujarat,West
CUST00639,Yamini Gara,Female,61,Ambarnath,Tamil Nadu,South
CUST00640,Keya Kumer,Male,49,Hindupur,Arunachal Pradesh,East
CUST00641,Anmol Bava,Female,22,Erode,Manipur,East
CUST00642,Jatin Krishnan,Male,38,Jamnagar,Gujarat,West
CUST00643,Charvi Salvi,Male,22,Saharsa,Himachal Pradesh,North
CUST00644,Omya Cheema,Male,35,Ichalkaranji,Bihar,East
CUST00645,Widisha Issac,Female,42,Firozabad,Uttarakhand,North
CUST00646,Ishita Rout,Female,47,Nanded,Arunachal Pradesh,East
CUST00647,Sarthak Srivastava,Female,24,Noida,Andhra Pradesh,South
CUST00648,Gaurav Choudhry,Male,59,Jalgaon,Assam,East
CUST00649,Harrison Kunda,Male,45,Sirsa,Jharkhand,East
CUST00650,Ucchal Bedi,Female,32,Akola,West Bengal,East
CUST00651,Bina Parsa,Female,39,Purnia,Telangana,South
CUST00652,Girish Bath,Female,43,Durgapur,Sikkim,East
CUST00653,Falguni Parmar,Female,64,Agartala,Telangana,South
CUST00654,Kashish Oommen,Male,38,Raipur,Madhya Pradesh,Central
CUST00655,Tanmayi Magar,Female,38,Morena,Uttar Pradesh,North
CUST00656,Ojas Chowdhury,Female,41,Allahabad,West Bengal,East
CUST00657,Hemang Saha,Male,61,Jehanabad,Sikkim,East
CUST00658,Pratyush Raghavan,Female,22,Pudukkottai,Andhra Pradesh,South
CUST00659,Vasudha Sura,Male,23,Bulandshahr,Manipur,East
CUST00660,Dev Lal,Male,45,Ahmedabad,Tamil Nadu,South
CUST00661,Hamsini Venkataraman,Male,65,Bhiwani,Sikkim,East
CUST00662,Vasatika Pal,Female,26,Jalgaon,Uttarakhand,North
CUST00663,Advay Dugar,Male,55,Shimla,West Bengal,East
CUST00664,Falan Swamy,Female,60,New Delhi,Karnataka,South
CUST00665,Chandresh Tripathi,Male,44,Jamalpur,Rajasthan,North
CUST00666,Neha Keer,Female,60,Jaunpur,Manipur,East
CUST00667,Gaurang Tara,Female,64,Satna,Bihar,East
CUST00668,Andrew Chauhan,Male,36,Haridwar,Arunachal Pradesh,East
CUST00669,Gavin Modi,Female,40,Sirsa,Karnataka,South
CUST00670,Chatura Kapoor,Male,54,Bathinda,Nagaland,East
CUST00671,Januja Sethi,Male,27,Jalandhar,Tripura,East
CUST00672,Aarnav Om,Female,32,Jalna,Nagaland,East
CUST00673,Hitesh Bath,Male,40,Kumbakonam,Chhattisgarh,Central
CUST00674,Hredhaan Kumar,Female,25,Maheshtala,Bihar,East
CUST00675,Tanveer Shankar,Female,54,Sonipat,Bihar,East
CUST00676,Chakradhar Dasgupta,Male,45,Berhampore,Sikkim,East
CUST00677,Wishi Agrawal,Male,56,Begusarai,Maharashtra,West
CUST00678,Yashoda Goel,Female,19,Warangal,Bihar,East
CUST00679,Ekanta Thaman,Male,35,Gurgaon,Punjab,North
CUST00680,Anusha Rao,Female,39,Durg,Manipur,East
CUST00681,Lakshit Sachar,Female,18,Motihari,West Bengal,East
CUST00682,Teerth Iyer,Male,27,Ramagundam,Sikkim,East
CUST00683,Kevin Gokhale,Female,22,Bhiwandi,Tripura,East
CUST00684,Varsha Sahni,Male,65,Bhusawal,Uttar Pradesh,North
CUST00685,Hredhaan Bakshi,Male,23,Ulhasnagar,Arunachal Pradesh,East
CUST00686,Ryan Loke,Male,42,Baranagar,Sikkim,East
CUST00687,Madhav Bhatia,Female,47,Kurnool,Tripura,East
CUST00688,Jagrati Sethi,Female,28,Tadepalligudem,West Bengal,East
CUST00689,Lopa Khanna,Female,37,Nashik,Madhya Pradesh,Central
CUST00690,Omaja Munshi,Female,54,Ahmedabad,Telangana,South
CUST00691,Samaksh Savant,Male,21,Arrah,Tripura,East
CUST00692,Rishi Menon,Male,28,Belgaum,Sikkim,East
CUST00693,Rachit Ghose,Male,61,Burhanpur,Arunachal Pradesh,East
CUST00694,Arya Lalla,Male,35,Nanded,Odisha,East
CUST00695,Abdul Narayanan,Female,60,Bhatpara,Arunachal Pradesh,East
CUST00696,Ekantika Behl,Female,49,Pallavaram,Uttar Pradesh,North
CUST00697,Elijah Nadkarni,Female,44,Udaipur,Mizoram,East
CUST00698,Yashasvi Dutta,Female,31,Tinsukia,Nagaland,East
CUST00699,George Palla,Male,40,Kakinada,Sikkim,East
CUST00700,Garima Patel,Female,25,Bellary,Tripura,East
CUST00701,Aditya Contractor,Female,61,Amroha,Haryana,North
CUST00702,Balveer Nagi,Female,51,Raipur,Madhya Pradesh,Central
CUST00703,Barkha Bakshi,Female,20,Kottayam,Uttar Pradesh,North
CUST00704,Vidhi Bassi,Male,43,Nellore,Karnataka,South
CUST00705,Gopal Ganesh,Male,18,Amritsar,Gujarat,West
CUST00706,Panini Chawla,Male,37,Siwan,Uttarakhand,North
CUST00707,Ekbal Dube,Male,26,Jaunpur,Tamil Nadu,South
CUST00708,Baljiwan Chahal,Female,36,Meerut,Goa,West
CUST00709,Ekavir Kari,Female,25,Vellore,Madhya Pradesh,Central
CUST00710,Nidhi Sant,Male,49,Pune,Madhya Pradesh,Central
CUST00711,Abeer Bhatnagar,Female,29,Srinagar,Kerala,South
CUST00712,Bimala Mitra,Male,42,Ichalkaranji,Tripura,East
CUST00713,Lakshmi Rana,Male,50,Bhalswa Jahangir Pur,Goa,West
CUST00714,Laban Raman,Female,22,Asansol,Jharkhand,East
CUST00715,Advay Dhaliwal,Female,65,Kalyan-Dombivli,Andhra Pradesh,South
CUST00716,Frederick Mody,Male,45,Hapur,Gujarat,West
CUST00717,Yauvani Dhar,Male,47,Udaipur,Haryana,North
CUST00718,Rishi Contractor,Male,38,Tezpur,West Bengal,East
CUST00719,Triya Bora,Female,54,Jabalpur,Himachal Pradesh,North
CUST00720,Rudra Sur,Female,63,Raurkela Industrial Township,Chhattisgarh,Central
CUST00721,Harish Mane,Female,36,Jammu,Karnataka,South
CUST00722,Shravya Narasimhan,Male,43,Bhimavaram,Chhattisgarh,Central
CUST00723,Diya Sangha,Male,38,Kolkata,Karnataka,South
CUST00724,Timothy Sarin,Male,57,Karimnagar,Chhattisgarh,Central
CUST00725,Varsha Shere,Female,62,Secunderabad,Tripura,East
CUST00726,Vidhi Chopra,Female,23,Medininagar,Assam,East
CUST00727,Logan Yohannan,Female,24,Firozabad,Telangana,South
CUST00728,Faqid Bahl,Male,45,Amaravati,Odisha,East
CUST00729,Simon Bansal,Female,51,Tinsukia,Nagaland,East
CUST00730,Manthan Pau,Male,43,Rajahmundry,Tripura,East
CUST00731,Krish Shetty,Female,65,Sikar,Kerala,South
CUST00732,William Gandhi,Female,32,Amroha,Goa,West
CUST00733,Madhav Sule,Female,28,Thane,Haryana,North
CUST00734,Vincent Bhatnagar,Male,50,Uluberia,Haryana,North
CUST00735,Samuel Vasa,Male,51,Munger,Meghalaya,East
CUST00736,Chakradhar Baral,Male,40,Kota,Tamil Nadu,South
CUST00737,Adya Ghosh,Female,64,Burhanpur,Kerala,South
CUST00738,Zansi Krishnamurthy,Male,33,Rajahmundry,Mizoram,East
CUST00739,Ira Pai,Male,27,Ongole,Punjab,North
CUST00740,Yachana Dewan,Female,30,Dehradun,Haryana,North
CUST00741,Yoshita Mand,Male,56,Jalgaon,Goa,West
CUST00742,Janaki Dani,Male,59,Vijayanagaram,Uttar Pradesh,North
CUST00743,Ishaan Subramaniam,Male,29,Nangloi Jat,Gujarat,West
CUST00744,Nirja Bains,Female,47,Varanasi,Chhattisgarh,Central
CUST00745,Krish Vala,Female,61,Chapra,Chhattisgarh,Central
CUST00746,Ojas Kuruvilla,Female,58,Hazaribagh,Madhya Pradesh,Central
CUST00747,Bhanumati Chada,Female,27,Sultan Pur Majra,Punjab,North
CUST00748,Vasatika Garde,Female,22,Bulandshahr,Punjab,North
CUST00749,Qabil Vaidya,Female,46,Rourkela,Telangana,South
CUST00750,Sudiksha Biswas,Female,35,Burhanpur,Madhya Pradesh,Central
CUST00751,Ikbal Babu,Male,40,Nagaon,West Bengal,East
CUST00752,Mason Char,Male,37,Fatehpur,Punjab,North
CUST00753,Yahvi Dalal,Female,46,Ongole,Sikkim,East
CUST00754,Aarav Sankar,Male,21,Uluberia,West Bengal,East
CUST00755,Pushti Karnik,Female,36,Eluru,Kerala,South
CUST00756,Pavani Desai,Male,59,Morena,Tripura,East
CUST00757,Fiyaz Mander,Male,57,Bardhaman,Gujarat,West
CUST00758,Abhimanyu Virk,Female,47,Saharsa,Andhra Pradesh,South
CUST00759,Samesh Mutti,Male,46,Mirzapur,Bihar,East
CUST00760,Pooja Kulkarni,Male,38,Jorhat,Maharashtra,West
CUST00761,Anya Ranganathan,Female,50,Haridwar,Nagaland,East
CUST00762,Praneel Prabhakar,Male,21,Nizamabad,Jharkhand,East
CUST00763,Mitali Devi,Female,24,Berhampur,Manipur,East
CUST00764,Harish Kala,Female,63,Sonipat,Uttar Pradesh,North
CUST00765,Naveen Ramachandran,Male,50,Mysore,Uttarakhand,North
CUST00766,Urishilla Saran,Male,20,Rajkot,Himachal Pradesh,North
CUST00767,Kamala Buch,Male,63,Yamunanagar,Madhya Pradesh,Central
CUST00768,Dakshesh Gill,Female,46,Bahraich,Andhra Pradesh,South
CUST00769,Zarna Mangal,Male,41,Visakhapatnam,Uttar Pradesh,North
CUST00770,Omkaar Banik,Female,36,Mathura,Rajasthan,North
CUST00771,Nakul Chadha,Female,44,Silchar,Kerala,South
CUST00772,Nidra Iyer,Female,61,Coimbatore,Assam,East
CUST00773,Ijaya Palan,Male,58,Kamarhati,Punjab,North
CUST00774,Suhani Raval,Female,22,Bhilwara,Goa,West
CUST00775,Yashawini Chhabra,Female,24,Ambala,Jharkhand,East
CUST00776,Jackson Varghese,Female,36,Siwan,Uttarakhand,North
CUST00777,Saanvi Purohit,Female,64,Latur,Tripura,East
CUST00778,Tara Sharma,Male,39,Ongole,Bihar,East
CUST00779,Ekansh Raja,Male,55,Berhampur,Uttar Pradesh,North
CUST00780,Nitara Pandit,Male,40,Firozabad,Haryana,North
CUST00781,Girik Rastogi,Female,59,Aurangabad,Nagaland,East
CUST00782,Vamakshi Murthy,Female,26,Bellary,Odisha,East
CUST00783,Qadim Gupta,Male,37,Kollam,Haryana,North
CUST00784,Alka Jhaveri,Female,59,Panihati,Uttarakhand,North
CUST00785,Ishani Dugal,Female,26,Jamshedpur,Assam,East
CUST00786,Abeer Basak,Male,59,Serampore,Punjab,North
CUST00787,Waida Maharaj,Female,50,South Dumdum,Tripura,East
CUST00788,Mitali Kapadia,Female,19,Meerut,Mizoram,East
CUST00789,Vanya Zachariah,Female,37,Ambala,Kerala,South
CUST00790,Owen Shankar,Male,31,Kadapa,Manipur,East
CUST00791,Abhiram Arora,Female,49,Nadiad,Odisha,East
CUST00792,Eshana Pathak,Male,32,Gaya,Nagaland,East
CUST00793,Warjas Luthra,Male,27,Pudukkottai,Karnataka,South
CUST00794,Qarin Tara,Male,36,Bhagalpur,Maharashtra,West
CUST00795,Janya Rattan,Male,50,Hospet,Goa,West
CUST00796,Veer Chaudhry,Male,60,Noida,Nagaland,East
CUST00797,Lakshmi Hayre,Female,57,Jalgaon,Meghalaya,East
CUST00798,Patrick Sama,Male,56,Guntur,West Bengal,East
CUST00799,Vidhi Mital,Female,27,Kishanganj,West Bengal,East
CUST00800,Mitali Chaudhary,Male,29,Allahabad,Gujarat,West
CUST00801,Vamakshi Char,Male,64,Thanjavur,Himachal Pradesh,North
CUST00802,Jagvi Kurian,Female,20,Jaipur,Maharashtra,West
CUST00803,Indali Issac,Female,41,Anantapuram,Kerala,South
CUST00804,Yashvi Sura,Male,46,Vijayawada,Madhya Pradesh,Central
CUST00805,Ubika Dhillon,Female,65,Naihati,Maharashtra,West
CUST00806,Ekbal Buch,Female,32,Tiruvottiyur,Haryana,North
CUST00807,Edhitha Manne,Male,37,Mahbubnagar,Rajasthan,North
CUST00808,Anika Saxena,Female,30,Dharmavaram,Mizoram,East
CUST00809,Odika Ganesh,Female,61,Lucknow,Chhattisgarh,Central
CUST00810,Zayan Buch,Female,47,Rourkela,Madhya Pradesh,Central
CUST00811,Girish Bhatt,Female,42,Motihari,Arunachal Pradesh,East
CUST00812,Mekhala Viswanathan,Female,28,Vasai-Virar,Himachal Pradesh,North
CUST00813,Frado Ramakrishnan,Male,56,Berhampur,Haryana,North
CUST00814,Saanvi Date,Male,34,Hajipur,Uttarakhand,North
CUST00815,Ayush Banerjee,Male,59,Anantapur,West Bengal,East
CUST00816,Unni Zachariah,Female,41,Motihari,Manipur,East
CUST00817,Peter Shan,Male,63,Loni,Rajasthan,North
CUST00818,Idika Subramaniam,Male,36,Hubli–Dharwad,Manipur,East
CUST00819,Jasmit Sachar,Male,28,Bhatpara,Jharkhand,East
CUST00820,Aadi Virk,Female,46,Hapur,Jharkhand,East
CUST00821,Abhiram Swamy,Male,45,Dewas,Andhra Pradesh,South
CUST00822,Brinda Kashyap,Male,32,Motihari,Kerala,South
CUST00823,Nisha Sarkar,Female,40,Kulti,Goa,West
CUST00824,Kritika Kannan,Male,44,Vijayawada,Maharashtra,West
CUST00825,Zansi Magar,Male,43,Katihar,Uttar Pradesh,North
CUST00826,Nitara Guha,Female,33,South Dumdum,Chhattisgarh,Central
CUST00827,Indrajit Shah,Female,23,Darbhanga,Tamil Nadu,South
CUST00828,Raghav Nagi,Female,32,Saharanpur,Arunachal Pradesh,East
CUST00829,Quincy Chaudry,Male,38,Agartala,Chhattisgarh,Central
CUST00830,Abhiram Kaul,Male,63,Saharanpur,Andhra Pradesh,South
CUST00831,Teerth Oommen,Female,27,Bijapur,Uttar Pradesh,North
CUST00832,Kamya Sheth,Male,20,Bathinda,Assam,East
CUST00833,Daksh Lata,Female,48,Madurai,Nagaland,East
CUST00834,Pratyush Handa,Male,63,Eluru,Uttarakhand,North
CUST00835,Jairaj Kothari,Female,46,Mango,Haryana,North
CUST00836,Rushil Sharma,Male,23,Saharsa,Sikkim,East
CUST00837,Urvashi Ramachandran,Male,34,North Dumdum,Goa,West
CUST00838,Jason Kulkarni,Male,27,Bihar Sharif,Gujarat,West
CUST00839,Charles Kamdar,Female,25,Noida,Rajasthan,North
CUST00840,Ekta Aurora,Female,33,Bally,Odisha,East
CUST00841,Meghana Kibe,Female,25,Kalyan-Dombivli,Odisha,East
CUST00842,Mohammed Prabhu,Male,33,Kulti,Goa,West
CUST00843,Gavin Nigam,Female,58,Allahabad,Kerala,South
CUST00844,Hredhaan Dass,Female,22,Muzaffarpur,Karnataka,South
CUST00845,Reva Hans,Male,49,Burhanpur,Kerala,South
CUST00846,Zashil Baral,Male,58,Bahraich,Nagaland,East
CUST00847,Vrishti Gupta,Male,63,Tinsukia,Kerala,South
CUST00848,Upadhriti Maharaj,Male,36,Coimbatore,Mizoram,East
CUST00849,Shivani Merchant,Female,18,Hosur,Kerala,South
CUST00850,Aadi Toor,Female,33,Udaipur,Andhra Pradesh,South
CUST00851,William Nagi,Female,29,Siwan,Uttarakhand,North
CUST00852,Ranveer Viswanathan,Male,51,Suryapet,Chhattisgarh,Central
CUST00853,Ekantika Rout,Female,22,Bhubaneswar,Bihar,East
CUST00854,Caleb Dayal,Male,42,Patna,Gujarat,West
CUST00855,Vedika Handa,Female,20,Patna,Odisha,East
CUST00856,Vrishti Vora,Female,41,Dhanbad,Kerala,South
CUST00857,Ekavir Arya,Female,65,Pallavaram,Uttarakhand,North
CUST00858,Upadhriti Bhat,Male,40,Proddatur,Telangana,South
CUST00859,Jyoti Bhardwaj,Male,40,Dehri,Arunachal Pradesh,East
CUST00860,Daksha Brahmbhatt,Male,64,Kadapa,Bihar,East
CUST00861,Vihaan Wali,Male,55,Jhansi,Gujarat,West
CUST00862,Praneel Sagar,Female,26,Gangtok,Kerala,South
CUST00863,Prisha Chawla,Male,40,Bokaro,Nagaland,East
CUST00864,Yamini Nazareth,Female,59,Deoghar,Punjab,North
CUST00865,Indira Murty,Male,61,Serampore,Maharashtra,West
CUST00866,Ekiya Khosla,Female,62,Gandhinagar,Tripura,East
CUST00867,Jagvi Sethi,Female,58,Sikar,Andhra Pradesh,South
CUST00868,Bhavani Babu,Male,26,Barasat,Andhra Pradesh,South
CUST00869,Tristan Kala,Male,63,Lucknow,Tripura,East
CUST00870,Yasti Dubey,Female,20,Agra,Manipur,East
CUST00871,Nachiket Devi,Female,30,Ambarnath,Odisha,East
CUST00872,Viraj Kunda,Male,30,Tiruchirappalli,Odisha,East
CUST00873,Teerth Brahmbhatt,Male,38,Karawal Nagar,Goa,West
CUST00874,Girish Mital,Female,50,Gangtok,Madhya Pradesh,Central
CUST00875,Daksh Natt,Female,52,Raebareli,Maharashtra,West
CUST00876,Utkarsh Apte,Female,34,Meerut,Jharkhand,East
CUST00877,Eiravati Zacharia,Male,59,Khammam,Mizoram,East
CUST00878,Michael Bedi,Male,36,Amroha,Tripura,East
CUST00879,Tristan Sankaran,Female,21,Singrauli,Chhattisgarh,Central
CUST00880,Gayathri Butala,Female,35,Aurangabad,Telangana,South
CUST00881,Mohini Lala,Male,41,Silchar,Mizoram,East
CUST00882,Kalpit Deshmukh,Female,43,Karaikudi,Gujarat,West
CUST00883,Megha Hayre,Female,42,Latur,Assam,East
CUST00884,Qushi Naik,Female,29,Gorakhpur,Sikkim,East
CUST00885,Pallavi Pau,Female,62,Jhansi,Karnataka,South
CUST00886,Arjun Mody,Female,41,Etawah,Punjab,North
CUST00887,Madhav Sastry,Female,23,Muzaffarpur,Gujarat,West
CUST00888,Nachiket Chada,Female,23,Meerut,Haryana,North
CUST00889,Bhavna Atwal,Female,56,Bhubaneswar,Jharkhand,East
CUST00890,Urishilla Bajaj,Male,52,Bhagalpur,Telangana,South
CUST00891,Samar Virk,Female,38,Motihari,Meghalaya,East
CUST00892,Andrew Puri,Male,23,Rohtak,Goa,West
CUST00893,Bhanumati Iyer,Female,60,Meerut,Manipur,East
CUST00894,Ekalinga Rama,Female,37,Karimnagar,West Bengal,East
CUST00895,Anirudh Master,Female,56,Ahmednagar,Madhya Pradesh,Central
CUST00896,Diya Sundaram,Female,28,Gaya,Gujarat,West
CUST00897,Anthony Baral,Female,40,Bettiah,Jharkhand,East
CUST00898,Vrishti Ramaswamy,Female,20,Surat,Kerala,South
CUST00899,Isha Mittal,Female,57,Orai,Himachal Pradesh,North
CUST00900,Aarini Ram,Female,35,Miryalaguda,Himachal Pradesh,North
CUST00901,Max Om,Male,22,Durgapur,Assam,East
CUST00902,Utkarsh Sahni,Female,41,Chapra,Chhattisgarh,Central
CUST00903,Devika Narayan,Male,19,Hosur,Chhattisgarh,Central
CUST00904,Lakshit Jain,Male,56,Tirupati,Tamil Nadu,South
CUST00905,Qushi Dhillon,Female,20,Ratlam,Assam,East
CUST00906,Qarin Nadkarni,Male,22,Ludhiana,Tripura,East
CUST00907,Odika Sabharwal,Male,59,Mango,Telangana,South
CUST00908,Max Guha,Female,41,Mira-Bhayandar,Goa,West
CUST00909,Amara Kashyap,Female,54,Ahmednagar,Sikkim,East
CUST00910,Jagrati Buch,Male,56,Guntur,Mizoram,East
CUST00911,Kashvi Gour,Male,61,Pallavaram,Meghalaya,East
CUST00912,Nihal Hans,Female,41,Patna,Maharashtra,West
CUST00913,Anamika Sachar,Female,46,Panihati,Tripura,East
CUST00914,Dominic Goel,Male,54,Tadepalligudem,Meghalaya,East
CUST00915,Tanvi Koshy,Male,51,Machilipatnam,Tripura,East
CUST00916,Lajita Munshi,Female,43,Pudukkottai,Telangana,South
CUST00917,Ikbal Seth,Female,59,Kalyan-Dombivli,Haryana,North
CUST00918,Balveer Ram,Female,33,Jhansi,Jharkhand,East
CUST00919,Mitali Modi,Male,19,Surendranagar Dudhrej,Goa,West
CUST00920,Chaitaly Bhagat,Male,49,Madhyamgram,Uttarakhand,North
CUST00921,Gautam Tella,Female,53,Bokaro,Tripura,East
CUST00922,Maya Sachdev,Male,34,Hospet,Andhra Pradesh,South
CUST00923,Sudiksha Jaggi,Female,63,Mysore,Himachal Pradesh,North
CUST00924,Nihal Dasgupta,Female,31,Raipur,Tamil Nadu,South
CUST00925,Janani Chada,Female,62,Sasaram,Punjab,North
CUST00926,Kritika Rai,Female,30,Tirunelveli,Karnataka,South
CUST00927,Nicholas Dhillon,Male,26,Faridabad,Maharashtra,West
CUST00928,Dayamai Sehgal,Male,46,Bokaro,Bihar,East
CUST00929,Samaksh Aggarwal,Male,63,Ahmedabad,Manipur,East
CUST00930,Wishi Ahluwalia,Female,23,Patiala,Gujarat,West
CUST00931,Sudiksha Rout,Female,60,Vijayawada,Punjab,North
CUST00932,Yash Mall,Female,63,Dhanbad,Goa,West
CUST00933,Christopher Palla,Male,53,Ulhasnagar,West Bengal,East
CUST00934,Chanchal Narula,Female,37,Dhanbad,Bihar,East
CUST00935,Pranav Edwin,Male,63,Phagwara,Sikkim,East
CUST00936,Tamanna Parsa,Male,41,Tiruchirappalli,Tripura,East
CUST00937,Ekantika Pillay,Male,25,Jabalpur,Tripura,East
CUST00938,Dhruv Master,Male,26,Guntur,Bihar,East
CUST00939,Forum Vyas,Male,49,Loni,Gujarat,West
CUST00940,Dalbir Chopra,Male,41,Karawal Nagar,Telangana,South
CUST00941,Prisha Nadig,Female,47,Hajipur,Odisha,East
CUST00942,Kai Taneja,Male,57,Kumbakonam,Uttar Pradesh,North
CUST00943,Viraj Mannan,Male,22,Mumbai,Bihar,East
CUST00944,Udyati Dalal,Female,43,Tadepalligudem,Maharashtra,West
CUST00945,Chakradev Nath,Female,51,Karaikudi,Uttar Pradesh,North
CUST00946,Advay Jaggi,Female,44,Rohtak,Uttar Pradesh,North
CUST00947,Darika Mital,Male,26,Chennai,Bihar,East
CUST00948,Harita Randhawa,Female,59,Akola,Gujarat,West
CUST00949,Hamsini Srinivas,Male,46,Vadodara,Rajasthan,North
CUST00950,Vasatika Dugal,Female,61,Jorhat,Karnataka,South
CUST00951,Odika Bhalla,Female,26,Buxar,Telangana,South
CUST00952,Anirudh Joshi,Male,26,Raichur,Assam,East
CUST00953,Avni Balasubramanian,Female,50,Gandhinagar,Rajasthan,North
CUST00954,Lopa Grover,Male,25,Aizawl,Tamil Nadu,South
CUST00955,Azad Magar,Male,37,Chandigarh,Meghalaya,East
CUST00956,Kamya Seth,Male,28,Thrissur,Mizoram,East
CUST00957,Parth Choudhury,Female,63,Agra,Tripura,East
CUST00958,George Sawhney,Male,40,Karawal Nagar,Mizoram,East
CUST00959,Ranveer Oak,Female,23,Loni,Jharkhand,East
CUST00960,Luke Chaudhari,Female,30,Tiruppur,Telangana,South
CUST00961,Tripti Ram,Female,26,Kolkata,Jharkhand,East
CUST00962,Gagan Nath,Female,57,Ranchi,Bihar,East
CUST00963,Arin Muni,Male,50,Pondicherry,Gujarat,West
CUST00964,Bhavini Malhotra,Male,55,Gandhidham,Sikkim,East
CUST00965,Anjali Dixit,Male,28,Panipat,Bihar,East
CUST00966,Yoshita Chaudry,Female,54,Hosur,Kerala,South
CUST00967,Anika Dhaliwal,Male,19,Chapra,Haryana,North
CUST00968,Ekavir Mukhopadhyay,Male,20,Panvel,Manipur,East
CUST00969,Kalpit Balakrishnan,Female,59,Dhanbad,Bihar,East
CUST00970,Chatura Chadha,Male,54,Katni,Goa,West
CUST00971,Ishani Muni,Female,57,Davanagere,Tamil Nadu,South
CUST00972,Udyati Deep,Male,49,Bhind,Bihar,East
CUST00973,Dayita Shroff,Female,59,Ahmednagar,Haryana,North
CUST00974,Aarna Patla,Female,48,South Dumdum,Tamil Nadu,South
CUST00975,Ekta Setty,Male,61,Ludhiana,Assam,East
CUST00976,Isaiah Panchal,Female,37,Surendranagar Dudhrej,West Bengal,East
CUST00977,Barkha Pall,Female,22,Danapur,Bihar,East
CUST00978,Hredhaan Nanda,Male,28,Barasat,Nagaland,East
CUST00979,Nandini Sachdev,Female,44,Udupi,Haryana,North
CUST00980,Vasatika Rajagopalan,Female,47,Mau,Gujarat,West
CUST00981,Radhika Oommen,Male,39,Malegaon,Sikkim,East
CUST00982,Vidhi Contractor,Male,38,Anantapur,Nagaland,East
CUST00983,Sai Goda,Female,64,Machilipatnam,Assam,East
CUST00984,Ladli Narang,Female,43,Ghaziabad,Assam,East
CUST00985,Liam Acharya,Male,41,Jalgaon,Manipur,East
CUST00986,Madhavi Sekhon,Male,38,Tiruppur,Sikkim,East
CUST00987,Chandani Modi,Male,47,Hapur,Assam,East
CUST00988,Yashvi Raval,Male,35,Durg,Arunachal Pradesh,East
CUST00989,Chatresh Acharya,Female,33,Bhubaneswar,West Bengal,East
CUST00990,Azaan Keer,Male,24,Gudivada,Madhya Pradesh,Central
CUST00991,Lavanya Ravi,Male,36,Raebareli,Nagaland,East
CUST00992,Oscar Soman,Female,57,Maheshtala,Nagaland,East
CUST00993,Jagvi Sahni,Female,33,Tumkur,West Bengal,East
CUST00994,Krish Apte,Male,38,Pune,Chhattisgarh,Central
CUST00995,Rajeshri Deshpande,Female,30,Durgapur,Rajasthan,North
CUST00996,Tamanna Sandal,Male,49,Malda,Mizoram,East
CUST00997,Shivani Rajagopalan,Female,49,Kamarhati,Goa,West
CUST00998,Abhimanyu Tara,Female,49,Orai,Himachal Pradesh,North
CUST00999,Jeevika Bandi,Male,23,Tezpur,Meghalaya,East
CUST01000,Isaiah Subramaniam,Female,50,Ajmer,Telangana,South
CUST01001,Udyati Varughese,Female,33,Nagaon,Punjab,North
CUST01002,Yatan Sodhi,Male,55,Panvel,Uttar Pradesh,North
CUST01003,Chatresh Oza,Female,21,Nandyal,Manipur,East
CUST01004,Garima Sama,Male,36,Durg,Jharkhand,East
CUST01005,Balendra Modi,Female,56,Ghaziabad,Rajasthan,North
CUST01006,Omkaar Behl,Female,36,Indore,Jharkhand,East
CUST01007,Fitan Date,Male,24,Alwar,Himachal Pradesh,North
CUST01008,Avni Maharaj,Female,26,Kanpur,Telangana,South
CUST01009,Owen Dora,Female,64,Uluberia,Uttar Pradesh,North
CUST01010,Advika Keer,Female,43,Bokaro,Uttar Pradesh,North
CUST01011,Hemal Chad,Female,20,Hindupur,Uttarakhand,North
CUST01012,Warhi Sachar,Female,21,Patiala,Sikkim,East
CUST01013,Oliver Kade,Male,41,Meerut,Rajasthan,North
CUST01014,Jack Ben,Female,22,Madhyamgram,Madhya Pradesh,Central
CUST01015,Charvi Soni,Female,50,Nadiad,Sikkim,East
CUST01016,Urvi Lala,Female,53,Bettiah,West Bengal,East
CUST01017,Advik Mani,Female,57,Eluru,Sikkim,East
CUST01018,Benjamin Chatterjee,Male,26,Bhiwani,Punjab,North
CUST01019,Gautami Madan,Male,43,Navi Mumbai,Himachal Pradesh,North
CUST01020,Triya Khurana,Female,39,Saharsa,Karnataka,South
CUST01021,Dhriti Anne,Female,27,Jabalpur,Andhra Pradesh,South
CUST01022,Guneet Vohra,Male,56,Amroha,Kerala,South
CUST01023,Bhanumati Krishnamurthy,Female,50,Visakhapatnam,Andhra Pradesh,South
CUST01024,Dakshesh Kalla,Male,20,Jamshedpur,Assam,East
CUST01025,Keya Goyal,Male,26,Udaipur,Himachal Pradesh,North
CUST01026,Unni Borra,Female,48,Bally,Tripura,East
CUST01027,Ekiya Kurian,Female,27,Srinagar,Himachal Pradesh,North
CUST01028,Lavanya Rama,Male,38,Allahabad,Himachal Pradesh,North
CUST01029,Pranav Sastry,Female,28,Pallavaram,Gujarat,West
CUST01030,Pranav Swamy,Female,57,Asansol,Nagaland,East
CUST01031,Tejas Cherian,Female,55,Rampur,Bihar,East
CUST01032,Elijah Bobal,Female,50,Amroha,Andhra Pradesh,South
CUST01033,Manthan Acharya,Female,63,Pali,Himachal Pradesh,North
CUST01034,Forum Raman,Female,48,Kottayam,Tamil Nadu,South
CUST01035,Vanya Sarin,Male,41,Coimbatore,Nagaland,East
CUST01036,Aarush Rajagopalan,Female,61,Bhilai,Odisha,East
CUST01037,Gauri Mitter,Male,44,Pimpri-Chinchwad,Rajasthan,North
CUST01038,Jasmit Warrior,Female,64,Jodhpur,Uttarakhand,North
CUST01039,Bimala Jain,Male,56,Begusarai,Arunachal Pradesh,East
CUST01040,Rayaan Mistry,Female,34,Aligarh,Rajasthan,North
CUST01041,Vidhi Chad,Male,64,Jhansi,Chhattisgarh,Central
CUST01042,Reyansh Bakshi,Male,55,Unnao,Madhya Pradesh,Central
CUST01043,Darika Tata,Female,28,Pune,Arunachal Pradesh,East
CUST01044,Daksh Nazareth,Female,27,Machilipatnam,Bihar,East
CUST01045,Tara Yadav,Male,20,Adoni,Haryana,North
CUST01046,Balhaar Dhaliwal,Male,30,Surat,Meghalaya,East
CUST01047,Xavier De,Male,46,Malegaon,Rajasthan,North
CUST01048,Damyanti Chatterjee,Female,44,Phagwara,Goa,West
CUST01049,Hitesh Comar,Male,44,Hindupur,Uttar Pradesh,North
CUST01050,Dev Jain,Male,44,Naihati,Uttar Pradesh,North
CUST01051,Ekta Dara,Female,65,Pondicherry,Uttarakhand,North
CUST01052,Chakradev Ghose,Male,63,Rajkot,Bihar,East
CUST01053,Lohit Sagar,Male,51,Uluberia,Nagaland,East
CUST01054,Reva Kohli,Male,53,Guntur,Bihar,East
CUST01055,Nakul Babu,Female,60,Jodhpur,Andhra Pradesh,South
CUST01056,Praneel Chakraborty,Female,51,Erode,Tamil Nadu,South
CUST01057,Jonathan Jhaveri,Female,38,Gopalpur,Mizoram,East
CUST01058,Nisha Khare,Male,47,Phagwara,Tamil Nadu,South
CUST01059,Pranit Tata,Female,52,Barasat,Kerala,South
CUST01060,Aayush Keer,Female,61,Kochi,Mizoram,East
CUST01061,Janaki Zacharia,Female,57,Madhyamgram,Tripura,East
CUST01062,Aradhana Bera,Female,30,Gorakhpur,Uttar Pradesh,North
CUST01063,Urvi Tank,Male,35,Kozhikode,Sikkim,East
CUST01064,Chatura Patla,Female,32,Bhagalpur,Maharashtra,West
CUST01065,Gaurika Setty,Female,36,Vasai-Virar,Telangana,South
CUST01066,Patrick Dugar,Male,62,Shivpuri,Mizoram,East
CUST01067,Ekavir Keer,Female,38,Guntakal,Odisha,East
CUST01068,Oni Issac,Female,40,Berhampur,Tripura,East
CUST01069,Eshana Kari,Female,36,Patiala,Telangana,South
CUST01070,Ryan Prashad,Male,54,Srinagar,Meghalaya,East
CUST01071,Chatura Sarin,Female,43,Thrissur,Punjab,North
CUST01072,Pranav Ram,Female,27,Bhavnagar,Manipur,East
CUST01073,Jagrati Madan,Female,20,Thanjavur,Chhattisgarh,Central
CUST01074,Darpan Mand,Female,63,Bhubaneswar,West Bengal,East
CUST01075,Tara Sahota,Male,40,Tiruvottiyur,Haryana,North
CUST01076,Naksh Garde,Female,59,Chandigarh,Maharashtra,West
CUST01077,Tarak Solanki,Female,65,Alwar,Andhra Pradesh,South
CUST01078,Yatin Kota,Female,31,Raebareli,Odisha,East
CUST01079,Manthan Ahluwalia,Male,52,Varanasi,Arunachal Pradesh,East
CUST01080,Yamini Bandi,Female,53,Bettiah,Madhya Pradesh,Central
CUST01081,Guneet Sethi,Female,26,New Delhi,Assam,East
CUST01082,Niharika Kamdar,Male,57,Secunderabad,Jharkhand,East
CUST01083,Gautam Babu,Male,33,Farrukhabad,Goa,West
CUST01084,Arjun Sha,Male,60,Durgapur,West Bengal,East
CUST01085,Qasim Prabhakar,Male,58,Mumbai,West Bengal,East
CUST01086,Lekha Natarajan,Male,21,Sagar,Maharashtra,West
CUST01087,Sarthak Buch,Male,44,Pimpri-Chinchwad,Mizoram,East
CUST01088,Charan Choudhry,Female,63,Ambarnath,Manipur,East
CUST01089,Jasmit Peri,Female,24,Karaikudi,Tamil Nadu,South
CUST01090,Samarth Devi,Male,18,Mathura,Nagaland,East
CUST01091,Vanya Kadakia,Male,44,Pondicherry,Kerala,South
CUST01092,Yahvi Sampath,Female,48,Meerut,Assam,East
CUST01093,Hemani Sethi,Male,36,Orai,Mizoram,East
CUST01094,Upma Wali,Female,36,Bidhannagar,Punjab,North
CUST01095,Dominic Guha,Male,23,Chandigarh,Assam,East
CUST01096,Praneel Mani,Male,52,Moradabad,Goa,West
CUST01097,Isaac Divan,Male,29,Saharanpur,West Bengal,East
CUST01098,Arin Memon,Female,29,Hosur,Chhattisgarh,Central
CUST01099,Idika Salvi,Male,43,Jaipur,Jharkhand,East
CUST01100,Dev Bains,Female,29,Saharsa,Rajasthan,North
CUST01101,Nisha Oza,Female,20,Shivpuri,Odisha,East
CUST01102,Tanvi Modi,Male,37,Farrukhabad,Goa,West
CUST01103,Utkarsh Sule,Male,39,Tumkur,Tripura,East
CUST01104,Manbir Pandit,Female,47,Sirsa,Goa,West
CUST01105,Bhavika Gopal,Female,26,Jamnagar,Goa,West
CUST01106,Jackson Barman,Female,35,Ramgarh,Chhattisgarh,Central
CUST01107,Abha Pingle,Male,25,Tiruppur,Nagaland,East
CUST01108,Edhitha Padmanabhan,Female,28,Serampore,Manipur,East
CUST01109,Charvi Dara,Female,59,Machilipatnam,Meghalaya,East
CUST01110,Tara Nagarajan,Female,63,Kolkata,Telangana,South
CUST01111,Chakrika Som,Male,18,Chapra,Sikkim,East
CUST01112,Riya Nigam,Female,36,Nangloi Jat,Arunachal Pradesh,East
CUST01113,Jackson Morar,Male,29,Rewa,Punjab,North
CUST01114,Sanaya Parikh,Female,45,Khammam,Arunachal Pradesh,East
CUST01115,Tristan Mall,Female,23,Lucknow,Assam,East
CUST01116,Gagan Vala,Female,60,Jammu,Meghalaya,East
CUST01117,Yasti Bhalla,Male,29,Sikar,Chhattisgarh,Central
CUST01118,Kala Raju,Male,48,Ahmedabad,Jharkhand,East
CUST01119,Indali Morar,Female,33,Kishanganj,Assam,East
CUST01120,Sachi Sagar,Male,34,Tumkur,Goa,West
CUST01121,Oeshi Dewan,Female,33,Asansol,Gujarat,West
CUST01122,Vaishnavi Vohra,Female,35,Amritsar,Odisha,East
CUST01123,Gaurang Ahuja,Female,37,Darbhanga,Maharashtra,West
CUST01124,Turvi Devan,Male,34,Gaya,Uttarakhand,North
CUST01125,Bimala Swaminathan,Female,62,Barasat,Uttarakhand,North
CUST01126,Wakeeta Sheth,Male,21,Indore,Uttar Pradesh,North
CUST01127,Mitesh Lala,Male,47,Chittoor,Bihar,East
CUST01128,Omisha Gola,Female,28,Sambalpur,Andhra Pradesh,South
CUST01129,Aradhana Tailor,Female,61,Khora ,Telangana,South
CUST01130,Vasana Sarin,Female,62,Fatehpur,Tamil Nadu,South
CUST01131,Kashvi Vala,Male,58,Rampur,Goa,West
CUST01132,Madhav Nagarajan,Female,41,Bhavnagar,Kerala,South
CUST01133,Chatresh Mahajan,Male,32,Gurgaon,Rajasthan,North
CUST01134,Chanakya Mann,Male,48,Bettiah,Rajasthan,North
CUST01135,Yoshita Hari,Male,47,Bareilly,Punjab,North
CUST01136,Ekantika Mutti,Female,44,Gopalpur,Sikkim,East
CUST01137,Gopal Warrior,Female,52,Asansol,Andhra Pradesh,South
CUST01138,Zarna Manda,Male,33,Shivpuri,Maharashtra,West
CUST01139,Nicholas Chaudry,Male,51,Bhatpara,Mizoram,East
CUST01140,Raghav Vora,Female,51,Erode,Manipur,East
CUST01141,Jackson Deep,Female,22,Nangloi Jat,Kerala,South
CUST01142,Janani Dewan,Male,21,Kavali,Mizoram,East
CUST01143,Orinder Modi,Male,54,Kochi,Haryana,North
CUST01144,Lucky Karan,Male,28,Cuttack,Gujarat,West
CUST01145,Farhan Sandal,Female,51,Solapur,Andhra Pradesh,South
CUST01146,Raagini Basak,Female,25,Moradabad,Arunachal Pradesh,East
CUST01147,Upasna Dani,Male,63,Varanasi,Assam,East
CUST01148,Advaith Char,Female,23,Madanapalle,Gujarat,West
CUST01149,Qasim Panchal,Female,21,Mysore,Chhattisgarh,Central
CUST01150,Ijaya Pandey,Female,26,Orai,Tripura,East
CUST01151,Yashasvi Bir,Female,47,Adoni,Tripura,East
CUST01152,Teerth Handa,Male,53,Tirunelveli,Tripura,East
CUST01153,Hardik Kala,Female,61,Ambarnath,Tamil Nadu,South
CUST01154,Ria Chhabra,Female,64,Raichur,Madhya Pradesh,Central
CUST01155,Tanish Varkey,Male,43,Vellore,Bihar,East
CUST01156,Jatin Shukla,Female,18,Saharsa,Chhattisgarh,Central
CUST01157,Jalsa Mani,Male,55,Gwalior,Karnataka,South
CUST01158,Jack Rajan,Male,20,Sirsa,Punjab,North
CUST01159,Sachi Kara,Female,40,Ramagundam,West Bengal,East
CUST01160,Ranbir Boase,Male,52,Arrah,Goa,West
CUST01161,Vyanjana Cheema,Male,22,Bahraich,Mizoram,East
CUST01162,Jagdish Dhar,Female,20,Rewa,Tamil Nadu,South
CUST01163,Om Bhattacharyya,Female,44,Davanagere,Karnataka,South
CUST01164,Netra Das,Male,26,Khandwa,Telangana,South
CUST01165,Arya Mahajan,Female,41,Raurkela Industrial Township,Meghalaya,East
CUST01166,Vedhika Vaidya,Female,46,Siliguri,Tripura,East
CUST01167,Hritik Das,Female,42,Unnao,Meghalaya,East
CUST01168,Krish Balan,Male,61,Meerut,Uttarakhand,North
CUST01169,Wishi Bala,Male,59,Eluru,Punjab,North
CUST01170,Michael Mitter,Female,25,Solapur,Sikkim,East
CUST01171,Unnati Jaggi,Male,52,Mehsana,Meghalaya,East
CUST01172,Hemal Zachariah,Female,51,Patna,Maharashtra,West
CUST01173,Leela Sengupta,Male,64,Gandhinagar,Manipur,East
CUST01174,Balendra Bali,Male,18,Proddatur,Sikkim,East
CUST01175,Nitesh Swamy,Male,37,Guntur,Jharkhand,East
CUST01176,Vinaya Choudhary,Female,61,Begusarai,Sikkim,East
CUST01177,Vamakshi Dugar,Female,52,Katni,Himachal Pradesh,North
CUST01178,Krishna Pandit,Female,32,Pondicherry,Arunachal Pradesh,East
CUST01179,Chakradev Dave,Male,47,Karnal,Uttar Pradesh,North
CUST01180,Harita Rai,Female,27,Haldia,Kerala,South
CUST01181,Nisha Panchal,Female,30,Sambalpur,Haryana,North
CUST01182,Devika Chad,Male,20,Farrukhabad,Bihar,East
CUST01183,Omkaar Bahri,Female,57,Agra,Manipur,East
CUST01184,Yutika Sama,Male,33,Jaipur,Tamil Nadu,South
CUST01185,Anthony Nadig,Male,22,Aurangabad,Madhya Pradesh,Central
CUST01186,Guneet Suresh,Male,56,Tiruppur,Karnataka,South
CUST01187,Yadavi Nori,Male,46,Srikakulam,Jharkhand,East
CUST01188,Rajata Jaggi,Male,33,Aurangabad,Uttarakhand,North
CUST01189,Bhavna Lanka,Male,43,Bihar Sharif,Odisha,East
CUST01190,Upkaar Chanda,Female,32,Guntakal,Karnataka,South
CUST01191,Ekalinga Wali,Male,21,Purnia,Gujarat,West
CUST01192,Faraj Mittal,Male,50,Bhiwani,Sikkim,East
CUST01193,Ryan Sachdeva,Female,32,Chandrapur,Punjab,North
CUST01194,Pranit Bahl,Female,54,Gangtok,Meghalaya,East
CUST01195,Unni Loyal,Female,33,Buxar,Telangana,South
CUST01196,Sai Patla,Female,27,Siliguri,Haryana,North
CUST01197,Charita Saran,Male,44,Imphal,West Bengal,East
CUST01198,Samar Sachar,Female,35,Baranagar,Rajasthan,North
CUST01199,Aahana Keer,Male,53,Mathura,Bihar,East
CUST01200,Rehaan Bala,Male,58,Tirupati,Manipur,East
CUST01201,Rajata Sami,Female,53,Panihati,Goa,West
CUST01202,Laban Balakrishnan,Female,21,Alwar,Sikkim,East
CUST01203,Brijesh Sunder,Female,59,Pimpri-Chinchwad,West Bengal,East
CUST01204,Dipta Misra,Female,51,Vellore,Kerala,South
CUST01205,Mekhala Dey,Female,62,Gorakhpur,Odisha,East
CUST01206,Zayan Taneja,Female,44,Patiala,Punjab,North
CUST01207,Dhriti Narayan,Male,37,Noida,Maharashtra,West
CUST01208,Maanas Chhabra,Female,29,Kakinada,Himachal Pradesh,North
CUST01209,Nilima Kumar,Female,33,Pallavaram,Nagaland,East
CUST01210,Isaiah Nadig,Male,37,Fatehpur,Sikkim,East
CUST01211,Arunima Dhillon,Male,47,Fatehpur,Tamil Nadu,South
CUST01212,Darika Bail,Male,53,Meerut,Tamil Nadu,South
CUST01213,Zehaan Rajagopalan,Female,44,Mirzapur,Uttar Pradesh,North
CUST01214,Warjas Savant,Male,42,Bangalore,Madhya Pradesh,Central
CUST01215,Charvi Chana,Male,34,Bihar Sharif,Gujarat,West
CUST01216,Reva Nadig,Male,39,Visakhapatnam,Himachal Pradesh,North
CUST01217,Vyanjana Sinha,Male,46,Thoothukudi,Tamil Nadu,South
CUST01218,Harish Dyal,Female,23,Guna,Assam,East
CUST01219,Osha Narain,Male,21,Bhopal,Tripura,East
CUST01220,Qarin Sawhney,Female,42,Delhi,Madhya Pradesh,Central
CUST01221,Dalaja Murthy,Male,22,Bhubaneswar,Goa,West
CUST01222,Zaitra De,Male,55,Imphal,Manipur,East
CUST01223,Kiaan Lad,Male,48,Guntakal,Uttarakhand,North
CUST01224,Baghyawati Issac,Male,39,Vijayanagaram,Kerala,South
CUST01225,Maya Purohit,Female,18,Jaipur,Andhra Pradesh,South
CUST01226,Gaurav Shere,Male,30,Firozabad,Tamil Nadu,South
CUST01227,Chandran Rattan,Male,65,Ghaziabad,Himachal Pradesh,North
CUST01228,Gaurav Pillai,Female,33,Tezpur,Bihar,East
CUST01229,Radhika Setty,Male,43,Kochi,Haryana,North
CUST01230,Rayaan Lata,Male,53,Shimla,Madhya Pradesh,Central
CUST01231,Raagini Jhaveri,Female,36,Ichalkaranji,Telangana,South
CUST01232,Omya Gole,Female,47,Ulhasnagar,Andhra Pradesh,South
CUST01233,Adweta Keer,Female,37,Kulti,Kerala,South
CUST01234,Frederick Anne,Female,41,Guntur,West Bengal,East
CUST01235,Mitali Kala,Female,47,Bhusawal,Telangana,South
CUST01236,Elijah Chandran,Male,64,Faridabad,Karnataka,South
CUST01237,Urishilla Pandya,Female,38,Kolkata,Himachal Pradesh,North
CUST01238,Chasmum Rana,Male,41,Mira-Bhayandar,Nagaland,East
CUST01239,Praneel Lad,Female,44,Ambala,Meghalaya,East
CUST01240,Upadhriti Deo,Male,54,Ratlam,Tamil Nadu,South
CUST01241,Lucky Lad,Male,65,Satara,Arunachal Pradesh,East
CUST01242,Xalak Mand,Male,19,Chinsurah,Jharkhand,East
CUST01243,Aishani Varughese,Female,53,Junagadh,Goa,West
CUST01244,Vyanjana Dora,Female,36,Meerut,Gujarat,West
CUST01245,Chatura Karpe,Male,30,Vadodara,Meghalaya,East
CUST01246,Nihal Sibal,Female,32,Bhiwandi,Meghalaya,East
CUST01247,Riya Parikh,Female,54,Berhampore,Meghalaya,East
CUST01248,Manbir Dasgupta,Male,49,Tiruchirappalli,Gujarat,West
CUST01249,Pranit Ganguly,Female,34,Phusro,Sikkim,East
CUST01250,Aayush Vora,Female,64,Erode,Assam,East
CUST01251,Wishi Chandra,Female,47,Indore,Jharkhand,East
CUST01252,Meera Prakash,Male,64,North Dumdum,Chhattisgarh,Central
CUST01253,Finn Sharma,Female,28,Malda,Rajasthan,North
CUST01254,Abdul Narayan,Male,64,Bidhannagar,Karnataka,South
CUST01255,Siddharth Bava,Female,29,North Dumdum,Uttar Pradesh,North
CUST01256,Ekavir Raj,Male,51,Silchar,Himachal Pradesh,North
CUST01257,Wriddhish Rastogi,Male,22,Jaipur,West Bengal,East
CUST01258,Nicholas Rama,Male,18,Anantapuram,Rajasthan,North
CUST01259,Jai Misra,Female,26,Bhiwani,Telangana,South
CUST01260,Karan Parmer,Male,22,Arrah,Mizoram,East
CUST01261,Vrishti Sehgal,Male,18,Fatehpur,Himachal Pradesh,North
CUST01262,Gautam Sami,Male,50,Srikakulam,Goa,West
CUST01263,Pooja Chander,Female,41,Anand,Karnataka,South
CUST01264,Udarsh Dubey,Male,57,Hajipur,Rajasthan,North
CUST01265,Bina Sidhu,Female,60,Vijayawada,Uttar Pradesh,North
CUST01266,Charita Dixit,Female,19,Dewas,Uttarakhand,North
CUST01267,Prisha Merchant,Male,52,Suryapet,Assam,East
CUST01268,Yochana Chokshi,Female,18,Haridwar,Bihar,East
CUST01269,Zehaan Pant,Male,51,Bhimavaram,Assam,East
CUST01270,Ishaan Shere,Female,52,South Dumdum,Uttarakhand,North
CUST01271,Chakradev Chacko,Female,19,Bihar Sharif,Karnataka,South
CUST01272,Shivani Lanka,Female,29,Gaya,Gujarat,West
CUST01273,Farhan Lad,Male,24,Raebareli,Nagaland,East
CUST01274,Abdul Rana,Male,33,Ahmedabad,Goa,West
CUST01275,Triveni Ravel,Male,57,Avadi,Punjab,North
CUST01276,Megha Mittal,Female,40,Cuttack,Chhattisgarh,Central
CUST01277,Rayaan Choudhury,Female,43,Maheshtala,West Bengal,East
CUST01278,Shaurya Srivastava,Male,41,New Delhi,Maharashtra,West
CUST01279,Gabriel Mitra,Female,47,Siliguri,Meghalaya,East
CUST01280,Anthony Dada,Male,62,Jamnagar,Telangana,South
CUST01281,Vedhika Sinha,Male,37,Hospet,Odisha,East
CUST01282,Saksham Menon,Male,59,Faridabad,Karnataka,South
CUST01283,Harshil Sankaran,Male,23,Shimla,Telangana,South
CUST01284,Balhaar Sura,Female,42,Shivpuri,Mizoram,East
CUST01285,Vincent Bhat,Female,53,Bhusawal,Odisha,East
CUST01286,Devansh Loyal,Female,21,Bhalswa Jahangir Pur,Bihar,East
CUST01287,Idika Sen,Male,62,Jaipur,Goa,West
CUST01288,Rehaan Singh,Male,23,Bahraich,Haryana,North
CUST01289,Harinakshi Sidhu,Female,45,Durg,Telangana,South
CUST01290,Omaja Parsa,Female,54,Nanded,Punjab,North
CUST01291,Barkha Chadha,Male,51,Bikaner,Goa,West
CUST01292,Naksh Swamy,Male,32,Vijayanagaram,Meghalaya,East
CUST01293,Wahab Kadakia,Male,62,Surat,Kerala,South
CUST01294,Ishanvi Dutt,Female,35,Ambala,Arunachal Pradesh,East
CUST01295,Geetika Sani,Male,22,Tadipatri,Haryana,North
CUST01296,Udarsh Sur,Female,52,Mau,Uttar Pradesh,North
CUST01297,Chakradhar Loke,Male,29,Kottayam,Punjab,North
CUST01298,Chandresh Sarma,Female,19,Bhubaneswar,Bihar,East
CUST01299,Benjamin Tripathi,Male,55,Rourkela,Rajasthan,North
CUST01300,Samesh Pathak,Male,63,Jalna,Tamil Nadu,South
CUST01301,Yashawini Tara,Female,22,Jamnagar,Rajasthan,North
CUST01302,Gaurika Devi,Female,28,Panihati,Manipur,East
CUST01303,Abeer Korpal,Male,54,Mau,Jharkhand,East
CUST01304,Frederick Lata,Female,61,Vijayanagaram,Kerala,South
CUST01305,Max Wagle,Female,42,Ambattur,Chhattisgarh,Central
CUST01306,Odika Rout,Male,62,Hazaribagh,Uttar Pradesh,North
CUST01307,Ayushman Savant,Male,50,Hyderabad,Tamil Nadu,South
CUST01308,Frado Nigam,Female,21,Rewa,Tripura,East
CUST01309,Radha Bhat,Male,45,Vadodara,Sikkim,East
CUST01310,Dalbir Venkatesh,Male,22,Gurgaon,Madhya Pradesh,Central
CUST01311,Dipta Padmanabhan,Female,56,Parbhani,Mizoram,East
CUST01312,Netra Sehgal,Female,38,Tinsukia,Punjab,North
CUST01313,Hemani Ravel,Male,58,Barasat,Assam,East
CUST01314,Gaurika Ramakrishnan,Female,46,Saharsa,Nagaland,East
CUST01315,Tanay Chander,Female,32,Saharsa,Karnataka,South
CUST01316,Arin Bala,Female,53,New Delhi,Uttarakhand,North
CUST01317,Pahal Tiwari,Female,45,Allahabad,Uttarakhand,North
CUST01318,Aashi Tripathi,Male,61,Amravati,Arunachal Pradesh,East
CUST01319,Saumya Misra,Female,23,Malda,Karnataka,South
CUST01320,Vivaan Palla,Female,33,Anantapuram,Sikkim,East
CUST01321,Krishna Venkatesh,Male,23,Vasai-Virar,Karnataka,South
CUST01322,Jalsa Sha,Female,27,Siliguri,Tamil Nadu,South
CUST01323,Nisha Bumb,Female,63,Ghaziabad,Maharashtra,West
CUST01324,Vamakshi Kala,Male,65,Solapur,Kerala,South
CUST01325,Zilmil Rana,Female,38,Bhimavaram,Meghalaya,East
CUST01326,Ria Suri,Female,24,Ujjain,Chhattisgarh,Central
CUST01327,Vedhika Shankar,Male,18,Anand,West Bengal,East
CUST01328,Simon Shah,Female,46,Patna,Telangana,South
CUST01329,Kala Dani,Female,35,Bhubaneswar,Bihar,East
CUST01330,Bimala Baria,Male,26,Kochi,Kerala,South
CUST01331,Kavya Mitter,Male,29,Shivpuri,Andhra Pradesh,South
CUST01332,Lucky Sama,Female,46,Farrukhabad,Jharkhand,East
CUST01333,Qadim Suresh,Female,24,Bhilai,Nagaland,East
CUST01334,Ekansh Basu,Male,23,Ongole,Odisha,East
CUST01335,Sneha Nazareth,Female,53,Fatehpur,Uttarakhand,North
CUST01336,Lakshit Thaman,Male,56,Hospet,Sikkim,East
CUST01337,Manthan Nanda,Female,42,Alappuzha,Madhya Pradesh,Central
CUST01338,Megha Nori,Male,36,Mango,Telangana,South
CUST01339,Gaurang Gandhi,Female,42,Aurangabad,Rajasthan,North
CUST01340,Jatin Chada,Male,64,Tadipatri,Nagaland,East
CUST01341,Ranbir Soni,Male,54,Jamshedpur,Sikkim,East
CUST01342,Anirudh Maharaj,Male,61,Sambalpur,Uttarakhand,North
CUST01343,Frado Walla,Female,28,Rewa,Odisha,East
CUST01344,Vyanjana Bajaj,Male,35,Junagadh,Goa,West
CUST01345,Arjun Wable,Female,35,Eluru,Himachal Pradesh,North
CUST01346,Ishwar Chaudhary,Female,27,Baranagar,Chhattisgarh,Central
CUST01347,Aadhya Chakraborty,Male,28,Aizawl,Maharashtra,West
CUST01348,Daniel Nanda,Female,35,Indore,Tamil Nadu,South
CUST01349,Chanchal Ramakrishnan,Female,37,Imphal,Chhattisgarh,Central
CUST01350,Ekiya Kuruvilla,Female,22,Jamshedpur,Arunachal Pradesh,East
CUST01351,Wriddhish Khalsa,Female,34,Danapur,Tripura,East
CUST01352,Ishwar Luthra,Male,64,Ratlam,Manipur,East
CUST01353,Dominic Sule,Female,56,Vellore,Rajasthan,North
CUST01354,Anirudh Luthra,Male,47,Shahjahanpur,Tripura,East
CUST01355,Daksha Ray,Male,26,Gwalior,West Bengal,East
CUST01356,Lucky Prakash,Female,18,Sambalpur,Nagaland,East
CUST01357,Siya Barman,Female,39,Madhyamgram,Uttarakhand,North
CUST01358,Oliver Acharya,Female,39,Ongole,Himachal Pradesh,North
CUST01359,Lajita Panchal,Female,39,Bhimavaram,Uttarakhand,North
CUST01360,Chakradev Edwin,Female,59,Dewas,Assam,East
CUST01361,Jason Dey,Male,37,Bhiwani,Gujarat,West
CUST01362,Hema Lal,Female,56,Darbhanga,Haryana,North
CUST01363,Harita Kade,Male,48,Khora ,Karnataka,South
CUST01364,Kiaan Agate,Female,29,Kolkata,Andhra Pradesh,South
CUST01365,Odika Suresh,Female,38,Siwan,Assam,East
CUST01366,Azaan Saxena,Female,65,Nagercoil,Uttarakhand,North
CUST01367,Ishita Ram,Female,54,Bangalore,Bihar,East
CUST01368,Kamala Hans,Male,38,Bangalore,Haryana,North
CUST01369,Avni Parmar,Female,35,Mysore,Uttarakhand,North
CUST01370,Timothy Kaur,Female,41,Mirzapur,Arunachal Pradesh,East
CUST01371,Waida Kadakia,Male,54,Thiruvananthapuram,Uttarakhand,North
CUST01372,Indrajit Mall,Male,55,Tirunelveli,Nagaland,East
CUST01373,Parth Bhattacharyya,Male,61,Amritsar,Chhattisgarh,Central
CUST01374,Vedant Virk,Male,64,Nellore,West Bengal,East
CUST01375,Zayyan Setty,Female,63,Purnia,Rajasthan,North
CUST01376,Ekantika Sankaran,Male,46,Panipat,Bihar,East
CUST01377,Warhi Pathak,Female,62,Rajahmundry,Arunachal Pradesh,East
CUST01378,Osha Walia,Male,44,Satna,Andhra Pradesh,South
CUST01379,Robert Natt,Female,26,Aurangabad,Uttar Pradesh,North
CUST01380,Upkaar Sampath,Female,33,Kulti,Gujarat,West
CUST01381,Forum Mukhopadhyay,Female,60,Jalandhar,Andhra Pradesh,South
CUST01382,Rachana Bajwa,Male,63,Chandrapur,Haryana,North
CUST01383,Urvashi Khare,Female,42,Meerut,Uttarakhand,North
CUST01384,Zinal Khalsa,Male,46,Ghaziabad,Punjab,North
CUST01385,Girish Sekhon,Female,55,Guwahati,Arunachal Pradesh,East
CUST01386,Krishna Munshi,Female,52,Warangal,Arunachal Pradesh,East
CUST01387,Christopher Mitra,Female,52,Amritsar,Bihar,East
CUST01388,Charles Menon,Male,41,Rewa,Bihar,East
CUST01389,Viraj Anne,Male,24,Yamunanagar,Manipur,East
CUST01390,Harrison Nori,Male,60,Malda,Mizoram,East
CUST01391,Reyansh Chokshi,Female,28,Ahmedabad,Punjab,North
CUST01392,Rishi Date,Male,54,Raichur,Maharashtra,West
CUST01393,Sai Grewal,Female,39,Durgapur,Uttar Pradesh,North
CUST01394,Darpan Datta,Female,24,Bhimavaram,Maharashtra,West
CUST01395,Deepa Dhingra,Male,24,Nandyal,Jharkhand,East
CUST01396,Bishakha Pillay,Female,32,Kadapa,Odisha,East
CUST01397,Dakshesh Khanna,Male,46,Bhusawal,Kerala,South
CUST01398,Sai Jaggi,Female,43,Mau,Gujarat,West
CUST01399,Unni Narula,Female,61,Tadepalligudem,Jharkhand,East
CUST01400,Falguni Gaba,Male,40,Malda,Uttar Pradesh,North
CUST01401,Warhi Kanda,Male,48,Rajahmundry,Tamil Nadu,South
CUST01402,Unnati Kala,Male,36,Ongole,Telangana,South
CUST01403,Keya Jha,Female,23,Udaipur,Uttarakhand,North
CUST01404,Janani Anne,Male,64,Secunderabad,Andhra Pradesh,South
CUST01405,Lucky Mannan,Male,40,Jammu,Rajasthan,North
CUST01406,Caleb Balan,Female,39,Davanagere,Jharkhand,East
CUST01407,Theodore Lala,Female,31,Sonipat,West Bengal,East
CUST01408,Pranav Hayre,Female,40,Belgaum,Uttarakhand,North
CUST01409,Harrison Bail,Female,24,Nadiad,Rajasthan,North
CUST01410,Hamsini Kade,Female,64,Sirsa,Haryana,North
CUST01411,Kashish Garg,Female,38,Amritsar,Bihar,East
CUST01412,Kalpit Gupta,Male,37,Katihar,Madhya Pradesh,Central
CUST01413,Eesha Sanghvi,Male,63,Ranchi,Tripura,East
CUST01414,Chaitaly Dixit,Male,19,Shahjahanpur,Arunachal Pradesh,East
CUST01415,Jonathan Trivedi,Female,59,Bhagalpur,Telangana,South
CUST01416,Upma Bhattacharyya,Male,61,Danapur,Madhya Pradesh,Central
CUST01417,Wishi Venkataraman,Male,65,Mangalore,Karnataka,South
CUST01418,Vasudha Talwar,Male,51,Agartala,Odisha,East
CUST01419,Balhaar Johal,Male,53,Panihati,Manipur,East
CUST01420,Meghana Kamdar,Male,39,Khandwa,Madhya Pradesh,Central
CUST01421,Kavya Kumar,Female,47,Guntur,Tripura,East
CUST01422,Chakrika Saxena,Male,43,Berhampur,Odisha,East
CUST01423,Udyati Vala,Male,29,Purnia,Manipur,East
CUST01424,Rachana Rege,Female,43,Mehsana,Karnataka,South
CUST01425,Lavanya Bakshi,Male,65,Mango,Haryana,North
CUST01426,Faqid Parmer,Male,46,Durg,Uttarakhand,North
CUST01427,Aradhana Kari,Female,42,Kochi,Assam,East
CUST01428,Balvan Iyer,Male,63,Thiruvananthapuram,Sikkim,East
CUST01429,Zashil Mittal,Male,31,Jhansi,Tamil Nadu,South
CUST01430,Advika Anand,Female,63,Ichalkaranji,Uttarakhand,North
CUST01431,Netra Ravi,Male,54,Chittoor,Rajasthan,North
CUST01432,Mitali Kari,Male,52,Bhagalpur,Meghalaya,East
CUST01433,Zaitra Sidhu,Male,41,Mau,Uttar Pradesh,North
CUST01434,Dhriti Guha,Female,30,Erode,Gujarat,West
CUST01435,Shivani Balan,Female,25,Kolhapur,Odisha,East
CUST01436,Dalaja Andra,Female,60,Raichur,Karnataka,South
CUST01437,Oni Sandal,Female,51,Siwan,Jharkhand,East
CUST01438,Arin Balay,Female,56,Jamnagar,Karnataka,South
CUST01439,Lakshmi Jayaraman,Female,57,Rajkot,Nagaland,East
CUST01440,Raghav Soman,Female,55,Ozhukarai,Odisha,East
CUST01441,Daksha Chander,Male,40,Vasai-Virar,Sikkim,East
CUST01442,Azad Suresh,Female,47,Gaya,Gujarat,West
CUST01443,Libni Mander,Male,61,Muzaffarpur,Jharkhand,East
CUST01444,Suhani Bhandari,Female,57,Kadapa,Andhra Pradesh,South
CUST01445,Eta Roy,Male,61,Sangli-Miraj & Kupwad,Bihar,East
CUST01446,Omya Sridhar,Male,38,Pali,West Bengal,East
CUST01447,Kalpit Jha,Male,33,Bhiwani,Uttarakhand,North
CUST01448,Nathan Mukherjee,Female,25,Ambala,Tamil Nadu,South
CUST01449,Anya Jaggi,Male,41,Asansol,Manipur,East
CUST01450,Mohini Koshy,Male,50,Jehanabad,Meghalaya,East
CUST01451,Turvi Baral,Female,44,Tumkur,Rajasthan,North
CUST01452,Idika Mishra,Male,54,Pudukkottai,Uttarakhand,North
CUST01453,Ojasvi Krish,Female,45,Tadipatri,Telangana,South
CUST01454,Tanvi Rajagopalan,Male,49,Jehanabad,Bihar,East
CUST01455,Caleb Khatri,Male,53,Panipat,Rajasthan,North
CUST01456,Ekalinga Kalla,Male,49,Bulandshahr,Tripura,East
CUST01457,Jyoti Bose,Female,26,Dibrugarh,Tripura,East
CUST01458,Nimrat Seshadri,Male,38,Nizamabad,Gujarat,West
CUST01459,Turvi Bala,Female,57,Surendranagar Dudhrej,Madhya Pradesh,Central
CUST01460,Mohini Hayer,Male,40,Agra,Andhra Pradesh,South
CUST01461,Ishwar Deshpande,Male,49,Madhyamgram,Meghalaya,East
CUST01462,Ekansh Butala,Male,30,Bahraich,Chhattisgarh,Central
CUST01463,Arya Edwin,Female,53,Surat,Punjab,North
CUST01464,Peter Menon,Female,44,Deoghar,Telangana,South
CUST01465,Om Brahmbhatt,Female,44,Darbhanga,Chhattisgarh,Central
CUST01466,Ishita Gokhale,Female,49,Visakhapatnam,Sikkim,East
CUST01467,Riya Batta,Male,23,Pali,Tamil Nadu,South
CUST01468,Sachi Ben,Male,32,Nashik,Tripura,East
CUST01469,Saksham Krish,Female,20,Mathura,Gujarat,West
CUST01470,Amol Sama,Female,32,Kanpur,Karnataka,South
CUST01471,Dev Kannan,Female,28,Rourkela,Telangana,South
CUST01472,Chaitanya Sagar,Female,54,Khammam,Karnataka,South
CUST01473,Sarthak Rana,Female,53,Jamshedpur,Haryana,North
CUST01474,Hitesh Parikh,Male,54,Malegaon,Andhra Pradesh,South
CUST01475,Diya Arora,Male,35,Rajpur Sonarpur,Manipur,East
CUST01476,Dominic Mallick,Female,52,Varanasi,Assam,East
CUST01477,Nirja Mitra,Male,64,Kota,Tamil Nadu,South
CUST01478,Zayan Chandran,Female,52,Munger,Sikkim,East
CUST01479,Gaurangi Gill,Male,45,Ongole,Assam,East
CUST01480,Andrew Sen,Male,65,Sasaram,Rajasthan,North
CUST01481,Yahvi Arya,Male,37,Jaipur,Punjab,North
CUST01482,Dayamai Khalsa,Male,46,Latur,Punjab,North
CUST01483,Darpan Devan,Female,40,Panchkula,Jharkhand,East
CUST01484,Max Prashad,Male,46,Agra,Haryana,North
CUST01485,Falguni Desai,Male,33,Ratlam,Rajasthan,North
CUST01486,Oeshi Mani,Male,65,Berhampur,West Bengal,East
CUST01487,Hema Kibe,Female,63,Panvel,Arunachal Pradesh,East
CUST01488,Tristan Raj,Female,28,South Dumdum,Manipur,East
CUST01489,Dhruv Swamy,Male,31,Nellore,Arunachal Pradesh,East
CUST01490,Samarth Dass,Male,21,Malegaon,Odisha,East
CUST01491,Warinder Tripathi,Female,52,Purnia,Telangana,South
CUST01492,Deepa Gala,Female,56,Sambalpur,Maharashtra,West
CUST01493,Yuvraj Mitter,Male,38,Gangtok,Manipur,East
CUST01494,Anita Srivastava,Female,36,Karimnagar,Madhya Pradesh,Central
CUST01495,Oliver Sinha,Female,50,Bhusawal,Mizoram,East
CUST01496,Nachiket Subramaniam,Male,26,Eluru,Maharashtra,West
CUST01497,Charita Yogi,Female,21,Begusarai,Telangana,South
CUST01498,Aarini Rai,Female,59,Farrukhabad,Manipur,East
CUST01499,Keya Srivastava,Male,62,Thoothukudi,Chhattisgarh,Central
CUST01500,Rohan Dubey,Male,33,Kolkata,Andhra Pradesh,South
CUST01501,Vyanjana Ravel,Male,63,Tenali,Telangana,South
CUST01502,Leena Suri,Female,33,Giridih,Assam,East
CUST01503,Balvan Dash,Female,49,Buxar,Goa,West
CUST01504,Rajata Kumer,Male,54,Danapur,Tamil Nadu,South
CUST01505,Jyoti Bhardwaj,Female,58,Khandwa,Telangana,South
CUST01506,Xavier Sridhar,Female,42,Mirzapur,Rajasthan,North
CUST01507,Manbir Lal,Female,22,Siliguri,Himachal Pradesh,North
CUST01508,Neel Arora,Male,43,Tiruchirappalli,Rajasthan,North
CUST01509,Mitali Buch,Female,62,Bhusawal,Goa,West
CUST01510,Zayyan Mittal,Female,47,Dharmavaram,Jharkhand,East
CUST01511,Gaurav Chopra,Female,38,Asansol,Himachal Pradesh,North
CUST01512,Mitali Morar,Male,64,Gulbarga,Uttarakhand,North
CUST01513,Aarav Chatterjee,Male,64,Erode,Mizoram,East
CUST01514,Bhavya Sankar,Female,58,Belgaum,Kerala,South
CUST01515,Krish Hora,Female,22,South Dumdum,Mizoram,East
CUST01516,Shravya Kala,Female,31,Kollam,Arunachal Pradesh,East
CUST01517,Rehaan Lad,Female,31,Gandhidham,Rajasthan,North
CUST01518,Ojas Buch,Female,35,Guwahati,Madhya Pradesh,Central
CUST01519,Aradhana Bhatt,Female,36,Ludhiana,Odisha,East
CUST01520,Vanya Sundaram,Female,53,Bangalore,Arunachal Pradesh,East
CUST01521,Abhimanyu Barman,Male,54,Rajpur Sonarpur,Mizoram,East
CUST01522,Keya Venkatesh,Female,39,Shivpuri,Meghalaya,East
CUST01523,Pushti Nayar,Male,20,Tiruvottiyur,Karnataka,South
CUST01524,Jalsa Rastogi,Male,58,Phagwara,Arunachal Pradesh,East
CUST01525,Ganga Chaudhry,Female,19,Sirsa,West Bengal,East
CUST01526,Liam Bal,Male,28,Bettiah,Himachal Pradesh,North
CUST01527,Jyoti Seth,Female,47,Kottayam,Maharashtra,West
CUST01528,Aarush Nagy,Male,45,Karimnagar,West Bengal,East
CUST01529,Eshana Sawhney,Male,62,Medininagar,Meghalaya,East
CUST01530,Finn Pall,Male,59,Fatehpur,Sikkim,East
CUST01531,Lekha Memon,Female,28,Asansol,West Bengal,East
CUST01532,Joshua Tank,Female,23,Barasat,Uttarakhand,North
CUST01533,Om Sehgal,Female,34,Ongole,Sikkim,East
CUST01534,Yagnesh Kakar,Male,41,Hubli–Dharwad,Bihar,East
CUST01535,Ayush Dyal,Male,21,Yamunanagar,Tripura,East
CUST01536,Thomas Kurian,Female,58,Amravati,Sikkim,East
CUST01537,Vyanjana Chana,Female,64,Rajahmundry,Odisha,East
CUST01538,Hemal Purohit,Male,45,Kishanganj,West Bengal,East
CUST01539,Viraj Kapoor,Male,63,Bhiwandi,Jharkhand,East
CUST01540,Isaac Chakraborty,Male,18,Guntakal,Gujarat,West
CUST01541,Jhalak Datta,Male,48,Nadiad,Odisha,East
CUST01542,Deepa Bhatia,Male,26,Munger,Maharashtra,West
CUST01543,Janya Date,Male,51,Aligarh,Madhya Pradesh,Central
CUST01544,Triveni Mutti,Female,18,Sagar,Uttarakhand,North
CUST01545,Xalak Shah,Male,62,Ghaziabad,Jharkhand,East
CUST01546,Bakhshi Nagarajan,Female,25,Ambala,Tamil Nadu,South
CUST01547,Anusha Sridhar,Female,62,Shimla,Jharkhand,East
CUST01548,Daniel Nath,Male,48,Bhagalpur,West Bengal,East
CUST01549,Charles Gola,Male,32,Katni,Jharkhand,East
CUST01550,Anthony Ramanathan,Female,23,Bhusawal,Sikkim,East
CUST01551,Ijaya Raman,Male,24,Madurai,Mizoram,East
CUST01552,Barkha Hayer,Female,41,Jalandhar,Chhattisgarh,Central
CUST01553,Chatura Modi,Female,26,Ujjain,Odisha,East
CUST01554,Riya Subramanian,Female,26,Ulhasnagar,Gujarat,West
CUST01555,Rohan Andra,Male,22,Ramgarh,Bihar,East
CUST01556,Krisha Sane,Male,57,Pimpri-Chinchwad,Bihar,East
CUST01557,Urvi Gola,Male,46,Kochi,Mizoram,East
CUST01558,Radha Dixit,Female,64,Sambalpur,Arunachal Pradesh,East
CUST01559,Wridesh Ranganathan,Male,58,Barasat,Tamil Nadu,South
CUST01560,Keya Chakraborty,Male,44,Eluru,Himachal Pradesh,North
CUST01561,Jhalak Apte,Female,31,Bhiwandi,Assam,East
CUST01562,Vrinda Upadhyay,Male,24,Lucknow,Odisha,East
CUST01563,Anusha Chandra,Male,25,Yamunanagar,Meghalaya,East
CUST01564,Chanchal Dass,Female,40,Anantapur,Assam,East
CUST01565,Nidra Bahri,Female,38,Miryalaguda,Uttarakhand,North
CUST01566,Devansh Venkataraman,Male,33,Dhule,Sikkim,East
CUST01567,Pratyush Gole,Female,59,Miryalaguda,Manipur,East
CUST01568,Jason Baral,Male,33,Ramgarh,Gujarat,West
CUST01569,Gagan Kunda,Female,62,Guwahati,Bihar,East
CUST01570,Januja Garg,Male,60,Mumbai,Haryana,North
CUST01571,Chakradhar Venkataraman,Female,31,Deoghar,Manipur,East
CUST01572,Vritti Munshi,Male,65,Medininagar,Nagaland,East
CUST01573,Hardik Basu,Female,36,Vadodara,Gujarat,West
CUST01574,Chandani Kale,Male,33,Madanapalle,Nagaland,East
CUST01575,Jagrati Mall,Female,42,Bhusawal,Assam,East
CUST01576,Abha Raj,Male,33,Silchar,Manipur,East
CUST01577,Aachal Sandal,Female,58,Jorhat,Gujarat,West
CUST01578,Amruta Hans,Male,51,Phusro,Sikkim,East
CUST01579,Oni Dube,Male,41,Raebareli,Madhya Pradesh,Central
CUST01580,Yug Brahmbhatt,Female,26,Amravati,Nagaland,East
CUST01581,Niharika Bhatti,Female,54,Hubli–Dharwad,Kerala,South
CUST01582,Anjali Dhingra,Female,41,Panipat,Andhra Pradesh,South
CUST01583,Krishna Kapadia,Male,48,Vasai-Virar,Uttar Pradesh,North
CUST01584,Parth Vyas,Male,19,Giridih,Uttarakhand,North
CUST01585,Girish Wadhwa,Male,18,Aurangabad,West Bengal,East
CUST01586,Anika Chaudhary,Female,31,Tirunelveli,Karnataka,South
CUST01587,Pratyush Pai,Male,21,Morena,Odisha,East
CUST01588,Aashi Andra,Female,50,Cuttack,Chhattisgarh,Central
CUST01589,Amara Bera,Female,58,Kulti,Sikkim,East
CUST01590,Tanvi Goswami,Female,45,Raichur,Uttar Pradesh,North
CUST01591,Yadavi Mangat,Female,23,Haldia,Mizoram,East
CUST01592,Dalaja Chahal,Male,35,Vellore,Tripura,East
CUST01593,Gautam Buch,Male,37,Mathura,Assam,East
CUST01594,Dakshesh Chad,Male,50,Begusarai,Meghalaya,East
CUST01595,Panini Trivedi,Male,27,Nangloi Jat,Meghalaya,East
CUST01596,Nidra Atwal,Female,43,Chennai,Tamil Nadu,South
CUST01597,Hemani Konda,Male,37,Medininagar,Manipur,East
CUST01598,Umang Gill,Female,64,Ambarnath,Uttarakhand,North
CUST01599,Yoshita Pandit,Male,21,Bhusawal,Meghalaya,East
CUST01600,Onkar Prakash,Male,23,Sonipat,Sikkim,East
CUST01601,Jacob Mannan,Female,25,Karawal Nagar,Jharkhand,East
CUST01602,Tanay Agate,Female,57,Bellary,Jharkhand,East
CUST01603,Ubika Sura,Male,37,Raurkela Industrial Township,Andhra Pradesh,South
CUST01604,Falguni Misra,Male,25,Aligarh,Andhra Pradesh,South
CUST01605,Quincy Ratti,Male,63,Bangalore,Bihar,East
CUST01606,Vyanjana Hora,Male,62,Dehri,Mizoram,East
CUST01607,Nirja Dasgupta,Male,28,Chennai,Chhattisgarh,Central
CUST01608,Upkaar Singhal,Female,40,Dindigul,Jharkhand,East
CUST01609,Priya Gopal,Female,28,Moradabad,Manipur,East
CUST01610,Neel Dey,Female,26,Raebareli,Andhra Pradesh,South
CUST01611,Rushil Choudhry,Female,64,Anantapuram,Arunachal Pradesh,East
CUST01612,Megha Sama,Male,19,Patna,Goa,West
CUST01613,Varenya Lata,Female,45,Bidar,Meghalaya,East
CUST01614,Joshua Nair,Female,51,Orai,Telangana,South
CUST01615,Karan Choudhary,Male,34,Jaipur,Chhattisgarh,Central
CUST01616,Hemangini Tella,Male,49,Patiala,Arunachal Pradesh,East
CUST01617,Pushti Anand,Female,50,Nangloi Jat,Jharkhand,East
CUST01618,Vedika Butala,Female,21,Shahjahanpur,Punjab,North
CUST01619,Yasti Grover,Female,54,Parbhani,Tripura,East
CUST01620,Adya Kota,Male,41,Davanagere,Meghalaya,East
CUST01621,Yadavi Golla,Male,34,Gudivada,Rajasthan,North
CUST01622,Veer Dara,Male,54,Rewa,Arunachal Pradesh,East
CUST01623,Rehaan Dhingra,Male,32,Surat,Punjab,North
CUST01624,Gavin Behl,Male,20,Vellore,Mizoram,East
CUST01625,Vihaan Kapadia,Male,33,Purnia,Meghalaya,East
CUST01626,Yashvi Sane,Male,48,Avadi,Bihar,East
CUST01627,Januja Mand,Female,42,Gurgaon,Haryana,North
CUST01628,Champak Gopal,Male,29,Mumbai,Arunachal Pradesh,East
CUST01629,Simon Mangal,Male,53,Parbhani,Punjab,North
CUST01630,Raagini Goyal,Female,32,Pallavaram,Kerala,South
CUST01631,Daksha Choudhury,Female,33,Ahmedabad,Sikkim,East
CUST01632,Garima Patel,Female,64,Giridih,Mizoram,East
CUST01633,Wazir Majumdar,Female,35,Bhimavaram,Madhya Pradesh,Central
CUST01634,Hitesh De,Male,54,Kalyan-Dombivli,Odisha,East
CUST01635,Reyansh Sehgal,Female,25,Aurangabad,Nagaland,East
CUST01636,Charvi Som,Male,29,Deoghar,Telangana,South
CUST01637,Caleb Datta,Male,51,Gurgaon,Nagaland,East
CUST01638,Idika Pau,Male,43,Kochi,Maharashtra,West
CUST01639,Vasudha Saini,Male,47,Rourkela,Punjab,North
CUST01640,Kai Mann,Female,37,Buxar,Arunachal Pradesh,East
CUST01641,Mitali Talwar,Female,23,Dehradun,Manipur,East
CUST01642,Madhavi Rattan,Female,18,Tiruppur,Goa,West
CUST01643,Nathaniel Kamdar,Female,30,Anand,Manipur,East
CUST01644,Chavvi Kannan,Female,54,Agartala,Nagaland,East
CUST01645,Onveer Kapur,Female,65,Deoghar,Haryana,North
CUST01646,Balveer Divan,Male,47,Guntur,Himachal Pradesh,North
CUST01647,Yuvraj Kade,Female,55,Mumbai,Rajasthan,North
CUST01648,Jyoti Nair,Female,30,Jamalpur,Himachal Pradesh,North
CUST01649,Nilima Menon,Male,27,Howrah,Rajasthan,North
CUST01650,Ishani Kanda,Male,44,Belgaum,Himachal Pradesh,North
CUST01651,Hitesh Raja,Male,32,Mahbubnagar,Nagaland,East
CUST01652,Riya Kannan,Female,58,Agartala,Gujarat,West
CUST01653,Nachiket Sehgal,Male,39,Raebareli,Kerala,South
CUST01654,Varenya Chander,Male,60,Bokaro,Manipur,East
CUST01655,Patrick Gulati,Female,65,Bokaro,Rajasthan,North
CUST01656,Ansh Mukherjee,Female,24,Belgaum,Uttarakhand,North
CUST01657,Raghav Boase,Male,51,Madurai,Maharashtra,West
CUST01658,Suhani Rau,Male,44,Hajipur,Chhattisgarh,Central
CUST01659,Harish Purohit,Female,21,Jaipur,Bihar,East
CUST01660,Caleb Deo,Male,63,Gwalior,Himachal Pradesh,North
CUST01661,Agastya Andra,Female,23,Hosur,Telangana,South
CUST01662,Frederick Jain,Male,32,Nangloi Jat,Tripura,East
CUST01663,Nihal Mohanty,Female,62,Nangloi Jat,Chhattisgarh,Central
CUST01664,Daksh Loke,Female,47,Jaipur,Uttarakhand,North
CUST01665,Harshil Minhas,Male,55,Sasaram,Uttarakhand,North
CUST01666,Lucky Agarwal,Male,50,Nagpur,Haryana,North
CUST01667,Lekha Din,Male,58,Baranagar,Haryana,North
CUST01668,Isaiah Swamy,Female,22,Bhubaneswar,Haryana,North
CUST01669,Baghyawati Parikh,Male,45,Tadepalligudem,Karnataka,South
CUST01670,Jalsa Chad,Male,33,Mahbubnagar,Chhattisgarh,Central
CUST01671,Priya Wali,Female,34,Ghaziabad,Goa,West
CUST01672,Mason Mitra,Female,43,Karnal,Bihar,East
CUST01673,Xalak Pillay,Female,38,Solapur,Uttar Pradesh,North
CUST01674,Manthan Din,Female,35,Siliguri,Madhya Pradesh,Central
CUST01675,Vanya Bhavsar,Male,22,Gangtok,Maharashtra,West
CUST01676,Maanav Chana,Male,26,Warangal,Goa,West
CUST01677,Ira Nagar,Male,27,Khandwa,Meghalaya,East
CUST01678,Gauri Devi,Male,28,Yamunanagar,Maharashtra,West
CUST01679,Waida Walia,Female,47,Yamunanagar,Assam,East
CUST01680,Theodore Chahal,Female,44,Mirzapur,Andhra Pradesh,South
CUST01681,Anay Patil,Male,52,Guntur,Bihar,East
CUST01682,Ikshita Patel,Female,31,Durg,Manipur,East
CUST01683,Oviya Kibe,Female,37,Rajahmundry,Arunachal Pradesh,East
CUST01684,Jacob Dhar,Female,34,Indore,Tamil Nadu,South
CUST01685,Kamya Bhagat,Male,23,Amaravati,Assam,East
CUST01686,Nakul Balan,Male,61,Ambarnath,Chhattisgarh,Central
CUST01687,Yash Bose,Female,63,Jehanabad,Uttarakhand,North
CUST01688,Mason Gopal,Male,31,Kolhapur,Telangana,South
CUST01689,Upma Sabharwal,Female,27,Raiganj,Uttar Pradesh,North
CUST01690,Bhavini Choudhry,Male,63,Allahabad,Rajasthan,North
CUST01691,Oscar Thakur,Male,40,Hyderabad,Madhya Pradesh,Central
CUST01692,Suhani Kuruvilla,Female,50,Ambattur,Maharashtra,West
CUST01693,Anita Chanda,Male,61,Cuttack,Telangana,South
CUST01694,Nandini Bhalla,Female,34,Katni,Goa,West
CUST01695,Upadhriti Sood,Male,19,Machilipatnam,Uttarakhand,North
CUST01696,Nitesh Bhagat,Female,46,Khandwa,Gujarat,West
CUST01697,Ikbal Chawla,Male,24,Mirzapur,Punjab,North
CUST01698,Ayaan Khatri,Female,24,Ujjain,Nagaland,East
CUST01699,Dhruv Kakar,Male,25,Tirupati,Gujarat,West
CUST01700,Bachittar Khosla,Male,21,Guwahati,Odisha,East
CUST01701,Veda Bath,Male,26,Satna,Assam,East
CUST01702,Abhiram Parikh,Male,43,Sikar,Mizoram,East
CUST01703,Divya Raman,Female,61,Bikaner,Tamil Nadu,South
CUST01704,Garima Reddy,Male,55,Ambala,Uttar Pradesh,North
CUST01705,Arjun Raja,Female,22,Dharmavaram,West Bengal,East
CUST01706,Bina Edwin,Male,22,Madhyamgram,Assam,East
CUST01707,Vincent Kale,Male,59,Nanded,Mizoram,East
CUST01708,Sara Deep,Female,26,Ramagundam,Kerala,South
CUST01709,Balveer Ram,Male,39,Dhule,Punjab,North
CUST01710,Michael Tank,Male,20,Kanpur,Chhattisgarh,Central
CUST01711,Gagan Tara,Female,21,Malda,Karnataka,South
CUST01712,Chakrika Edwin,Male,54,Parbhani,Odisha,East
CUST01713,Ira Chakraborty,Female,64,Mangalore,Tamil Nadu,South
CUST01714,Aarna Solanki,Female,49,Mango,Rajasthan,North
CUST01715,Jatin Sura,Male,42,Bharatpur,West Bengal,East
CUST01716,Nandini Rege,Female,29,Gandhidham,Kerala,South
CUST01717,Kashvi Chacko,Female,31,Guna,Manipur,East
CUST01718,Brijesh Bhandari,Male,35,Kishanganj,Andhra Pradesh,South
CUST01719,Henry Mannan,Female,46,Kozhikode,Odisha,East
CUST01720,Elijah Kapoor,Male,20,Surendranagar Dudhrej,Sikkim,East
CUST01721,Ikshita Shukla,Male,59,Deoghar,Uttarakhand,North
CUST01722,Ikbal Chada,Female,49,Moradabad,Madhya Pradesh,Central
CUST01723,Ryan Ratti,Female,53,Amritsar,Karnataka,South
CUST01724,Vedika Kala,Female,21,Raipur,Himachal Pradesh,North
CUST01725,Balvan Dugal,Male,35,Ulhasnagar,Rajasthan,North
CUST01726,Ekaja Balay,Female,26,Ghaziabad,Uttar Pradesh,North
CUST01727,Qushi Solanki,Female,30,Meerut,Gujarat,West
CUST01728,Pallavi Madan,Male,58,Belgaum,Assam,East
CUST01729,Ekapad Mahal,Male,42,Jodhpur,Jharkhand,East
CUST01730,Oni Vohra,Female,48,Rampur,Goa,West
CUST01731,George Sangha,Female,40,Bihar Sharif,Goa,West
CUST01732,Ikshita Saini,Female,42,Fatehpur,Nagaland,East
CUST01733,Rajeshri Pant,Female,29,Hyderabad,Nagaland,East
CUST01734,Faras Dhillon,Male,38,Ratlam,Andhra Pradesh,South
CUST01735,Tara Divan,Male,19,Ratlam,Bihar,East
CUST01736,Adya Verma,Female,21,Hospet,Uttarakhand,North
CUST01737,Shivani Chatterjee,Female,51,Bellary,Telangana,South
CUST01738,Osha Ganesan,Female,55,Thrissur,Kerala,South
CUST01739,Rayaan Atwal,Male,28,Bharatpur,Andhra Pradesh,South
CUST01740,Damyanti Thakkar,Male,33,Panchkula,Rajasthan,North
CUST01741,Odika Roy,Male,35,Nagercoil,Uttarakhand,North
CUST01742,Gautami Comar,Male,32,Berhampore,Maharashtra,West
CUST01743,Peter Gaba,Female,40,Eluru,Jharkhand,East
CUST01744,Bhanumati Chaudhary,Male,29,Vasai-Virar,Assam,East
CUST01745,Nisha Chawla,Male,55,Tinsukia,Bihar,East
CUST01746,Yahvi Bali,Female,65,Bidar,Gujarat,West
CUST01747,Suhani Raj,Female,55,Thiruvananthapuram,West Bengal,East
CUST01748,Jeet Panchal,Male,63,Haridwar,Uttarakhand,North
CUST01749,Abhimanyu Prasad,Female,54,Guna,Jharkhand,East
CUST01750,Aishani Mohanty,Male,54,New Delhi,Andhra Pradesh,South
CUST01751,Bachittar Aurora,Male,49,Jamnagar,Uttar Pradesh,North
CUST01752,Zilmil Nadkarni,Female,29,Tirunelveli,Odisha,East
CUST01753,Wyatt Raman,Female,20,Tadepalligudem,Rajasthan,North
CUST01754,Charan Sanghvi,Male,21,Pali,Telangana,South
CUST01755,Neha Nadkarni,Male,56,Junagadh,Haryana,North
CUST01756,Jonathan Thaman,Male,19,Gangtok,Uttar Pradesh,North
CUST01757,Abha Dutt,Female,18,Kurnool,Assam,East
CUST01758,Atharv Sarkar,Female,57,Guntakal,Chhattisgarh,Central
CUST01759,Farhan Raja,Male,26,Bikaner,Manipur,East
CUST01760,Rachit Khatri,Female,63,Bihar Sharif,Gujarat,West
CUST01761,Kritika Lad,Male,38,Panipat,Assam,East
CUST01762,Arin Chauhan,Male,19,Jaunpur,Punjab,North
CUST01763,Hredhaan Dhar,Male,55,Firozabad,Goa,West
CUST01764,Faras Talwar,Male,25,Dhule,Madhya Pradesh,Central
CUST01765,Vritti Bains,Female,22,Srinagar,Meghalaya,East
CUST01766,Shivansh Saini,Female,63,Satara,Rajasthan,North
CUST01767,Naveen Gole,Female,55,Hyderabad,Goa,West
CUST01768,Jacob Oza,Male,39,Karawal Nagar,Punjab,North
CUST01769,Nathan Vig,Female,38,Bhilai,Gujarat,West
CUST01770,Arin Vasa,Male,28,Thrissur,West Bengal,East
CUST01771,Ishwar Kalla,Female,58,Khammam,Chhattisgarh,Central
CUST01772,Fiyaz Date,Female,59,Panipat,Meghalaya,East
CUST01773,George Pall,Female,29,Bhind,Telangana,South
CUST01774,Rajata Vala,Female,32,Nellore,Himachal Pradesh,North
CUST01775,Rudra Mand,Male,42,Kota,Odisha,East
CUST01776,Noah Jha,Female,64,Bhiwani,Manipur,East
CUST01777,Anita Nagar,Female,26,Medininagar,Madhya Pradesh,Central
CUST01778,Ryan Pandit,Male,64,Rajkot,Manipur,East
CUST01779,Bahadurjit Vaidya,Male,62,Dharmavaram,Maharashtra,West
CUST01780,Indira Rao,Female,54,Raipur,Goa,West
CUST01781,Pushti Grewal,Male,29,Sambalpur,Assam,East
CUST01782,Kamya Prabhu,Female,57,Satara,Bihar,East
CUST01783,Eiravati Apte,Male,58,Kakinada,Manipur,East
CUST01784,Viraj Bhatti,Male,49,Anantapuram,Punjab,North
CUST01785,Teerth Chauhan,Male,39,Narasaraopet,Uttar Pradesh,North
CUST01786,Oviya Saran,Male,33,Imphal,Gujarat,West
CUST01787,Chandran Tak,Female,38,Ranchi,Himachal Pradesh,North
CUST01788,Jagdish Dash,Male,58,Tirunelveli,Punjab,North
CUST01789,Leela Khalsa,Male,63,Anantapuram,Andhra Pradesh,South
CUST01790,Triya Mane,Female,46,Sambhal,Arunachal Pradesh,East
CUST01791,Geetika Babu,Male,34,Nandyal,Bihar,East
CUST01792,Charvi Maharaj,Male,33,Sri Ganganagar,Madhya Pradesh,Central
CUST01793,Dhriti Tak,Male,40,Singrauli,Jharkhand,East
CUST01794,Wakeeta Dara,Female,24,Tadipatri,Bihar,East
CUST01795,Udarsh Batta,Male,21,Kolhapur,Bihar,East
CUST01796,Rajata Kara,Female,46,Hubli–Dharwad,Gujarat,West
CUST01797,Abdul Ben,Female,28,Varanasi,Bihar,East
CUST01798,Daksha Borde,Female,49,Ozhukarai,Tamil Nadu,South
CUST01799,Anamika Garde,Female,40,Ballia,Manipur,East
CUST01800,Jonathan Nagar,Female,24,Bhimavaram,West Bengal,East
CUST01801,Sanya Das,Female,54,Gangtok,Meghalaya,East
CUST01802,Avni Nagy,Male,28,Kamarhati,Assam,East
CUST01803,Chaman Butala,Female,22,Proddatur,Uttarakhand,North
CUST01804,Samesh Brahmbhatt,Male,36,Shimla,Arunachal Pradesh,East
CUST01805,Agastya Kalita,Male,38,Kharagpur,Gujarat,West
CUST01806,Henry Oak,Female,24,Gudivada,Tripura,East
CUST01807,Devika Setty,Male,39,Dibrugarh,Bihar,East
CUST01808,Theodore Patla,Male,42,Bidhannagar,West Bengal,East
CUST01809,Mugdha Guha,Male,64,Alwar,Maharashtra,West
CUST01810,Damyanti Chaudry,Male,53,Surendranagar Dudhrej,Bihar,East
CUST01811,Wridesh Babu,Male,39,Gaya,Himachal Pradesh,North
CUST01812,Vamakshi Wali,Female,63,Nagercoil,Himachal Pradesh,North
CUST01813,Frado Pandya,Male,45,Rajpur Sonarpur,Chhattisgarh,Central
CUST01814,Yadavi Sankar,Male,56,Meerut,Manipur,East
CUST01815,Kala Chaudhari,Female,28,Eluru,Telangana,South
CUST01816,Rishi Menon,Male,24,Sambhal,Goa,West
CUST01817,Wakeeta Venkataraman,Female,31,Moradabad,Sikkim,East
CUST01818,Yuvraj Choudhry,Male,44,Raipur,Arunachal Pradesh,East
CUST01819,Amaira Khare,Female,60,Katihar,Bihar,East
CUST01820,Upkaar Ravel,Female,37,Singrauli,Bihar,East
CUST01821,Amrita Tandon,Male,24,Tirunelveli,Uttar Pradesh,North
CUST01822,Idika Mani,Male,43,Delhi,Bihar,East
CUST01823,Yahvi Sood,Female,27,Mathura,Goa,West
CUST01824,Ekaraj Ganesan,Male,41,Thoothukudi,Manipur,East
CUST01825,Agastya Som,Male,45,Thanjavur,Andhra Pradesh,South
CUST01826,Aishani Bose,Male,36,Bangalore,Punjab,North
CUST01827,Urvi Agarwal,Female,30,Shahjahanpur,Meghalaya,East
CUST01828,Chakradev Badal,Male,19,Ambattur,Mizoram,East
CUST01829,Manan Chandra,Male,28,Avadi,Uttar Pradesh,North
CUST01830,Sneha Swaminathan,Female,23,Bongaigaon,Himachal Pradesh,North
CUST01831,Zehaan Patla,Female,25,Ahmedabad,Uttarakhand,North
CUST01832,Charvi Nath,Female,43,Gorakhpur,Himachal Pradesh,North
CUST01833,Manbir Roy,Female,49,Ajmer,Kerala,South
CUST01834,Azaan Konda,Female,23,Karimnagar,Gujarat,West
CUST01835,Rishi Purohit,Female,29,Panipat,Rajasthan,North
CUST01836,Parth Lanka,Female,42,Bathinda,Madhya Pradesh,Central
CUST01837,Anya More,Female,29,Kalyan-Dombivli,Odisha,East
CUST01838,Jason Sant,Female,20,Tezpur,Uttar Pradesh,North
CUST01839,Bhavya Choudhary,Female,46,Panchkula,Sikkim,East
CUST01840,Unnati Doctor,Female,34,Proddatur,Sikkim,East
CUST01841,Chavvi Sur,Male,35,Amritsar,Uttar Pradesh,North
CUST01842,Alexander Setty,Male,27,Bellary,Jharkhand,East
CUST01843,Chatresh Suresh,Male,23,Kolkata,Maharashtra,West
CUST01844,Aadi Bedi,Female,52,Durgapur,Kerala,South
CUST01845,Yadavi Dubey,Female,55,Gopalpur,Chhattisgarh,Central
CUST01846,Rachana Buch,Male,53,Muzaffarnagar,Arunachal Pradesh,East
CUST01847,Isha Kothari,Male,42,Bhusawal,Madhya Pradesh,Central
CUST01848,Advika Mittal,Female,52,Malegaon,Odisha,East
CUST01849,Ekantika Dewan,Female,54,Chandrapur,Chhattisgarh,Central
CUST01850,Ryan Mitra,Male,48,Guwahati,Jharkhand,East
CUST01851,Qadim Prashad,Female,23,Jalandhar,Chhattisgarh,Central
CUST01852,Dhriti Thakur,Female,63,Bhind,Kerala,South
CUST01853,Unnati Salvi,Male,50,Surendranagar Dudhrej,Andhra Pradesh,South
CUST01854,Oviya Chakrabarti,Male,25,Srikakulam,Jharkhand,East
CUST01855,Yauvani Prakash,Female,29,Udupi,Nagaland,East
CUST01856,Chatresh Ramaswamy,Male,31,Sambhal,Sikkim,East
CUST01857,Turvi Vasa,Male,26,Meerut,Assam,East
CUST01858,Anamika Chhabra,Male,45,Hindupur,Bihar,East
CUST01859,Vasatika Narula,Male,61,Bhilai,Telangana,South
CUST01860,Samarth Varty,Female,30,Kishanganj,Telangana,South
CUST01861,Laban Kapoor,Male,56,Barasat,Rajasthan,North
CUST01862,Abeer Sundaram,Female,38,Raipur,Assam,East
CUST01863,Michael Dara,Male,23,Shahjahanpur,Gujarat,West
CUST01864,Urvi Bakshi,Female,53,Katni,Arunachal Pradesh,East
CUST01865,Charita Ravel,Female,53,Udaipur,Uttarakhand,North
CUST01866,Abha Sarna,Female,35,Bhiwani,Chhattisgarh,Central
CUST01867,Qasim Dhar,Female,18,Tirunelveli,Mizoram,East
CUST01868,Vamakshi Srinivasan,Female,25,Ramagundam,Sikkim,East
CUST01869,Waida Pillai,Female,27,Katni,Madhya Pradesh,Central
CUST01870,Ucchal Saha,Male,54,Siliguri,Andhra Pradesh,South
CUST01871,Tanvi Dara,Male,24,Hyderabad,Odisha,East
CUST01872,Bahadurjit Saxena,Male,36,Raichur,Chhattisgarh,Central
CUST01873,Tara Malhotra,Female,44,Kozhikode,Kerala,South
CUST01874,Ikshita Vohra,Female,42,Anand,Assam,East
CUST01875,Max Pandey,Female,54,Jaunpur,Tamil Nadu,South
CUST01876,Arya Mitter,Female,20,Jabalpur,Uttarakhand,North
CUST01877,Krisha Sodhi,Male,35,Ramgarh,Tamil Nadu,South
CUST01878,Kai Naik,Female,27,Bhimavaram,Punjab,North
CUST01879,Ekansh Bath,Female,20,Kozhikode,Haryana,North
CUST01880,Hitesh Tata,Female,39,North Dumdum,Tripura,East
CUST01881,Warjas Cheema,Male,21,Yamunanagar,Tripura,East
CUST01882,Devansh Bhatia,Female,35,Raipur,Arunachal Pradesh,East
CUST01883,Riya Prasad,Female,19,Akola,Karnataka,South
CUST01884,Shivani Purohit,Female,37,Chapra,Nagaland,East
CUST01885,Rohan Krishnan,Female,35,Bahraich,Sikkim,East
CUST01886,Umang Jaggi,Female,62,Raebareli,Uttarakhand,North
CUST01887,Gabriel Bajwa,Male,32,Kurnool,Arunachal Pradesh,East
CUST01888,Abdul Parsa,Male,37,Tezpur,Nagaland,East
CUST01889,Harini Goyal,Female,38,Jhansi,Uttarakhand,North
CUST01890,Urvi Tella,Female,64,Raurkela Industrial Township,Punjab,North
CUST01891,Ekalinga Sarna,Female,56,Gandhinagar,West Bengal,East
CUST01892,Farhan Datta,Male,30,Salem,Bihar,East
CUST01893,Vihaan Behl,Female,31,Lucknow,Haryana,North
CUST01894,Zayan Ramakrishnan,Female,65,Jabalpur,West Bengal,East
CUST01895,Bhavna Borde,Female,51,Kadapa,Punjab,North
CUST01896,Mohini Bhandari,Female,21,Ballia,Meghalaya,East
CUST01897,Ayushman Bali,Male,22,Bidar,Himachal Pradesh,North
CUST01898,Gaurika Bhargava,Female,63,Kurnool,Nagaland,East
CUST01899,David Keer,Female,26,Srinagar,Uttar Pradesh,North
CUST01900,Hiral Bobal,Male,29,Khora ,Telangana,South
CUST01901,Varenya Dayal,Male,30,Kalyan-Dombivli,Bihar,East
CUST01902,Watika Tripathi,Male,33,Etawah,Maharashtra,West
CUST01903,Chavvi Kari,Male,47,Pimpri-Chinchwad,Andhra Pradesh,South
CUST01904,Ladli Badami,Male,41,Faridabad,Madhya Pradesh,Central
CUST01905,Jeremiah Sani,Male,35,Jamalpur,Chhattisgarh,Central
CUST01906,Raksha Dalal,Female,47,Nagercoil,Gujarat,West
CUST01907,Rajeshri Bhardwaj,Female,58,Ahmednagar,Assam,East
CUST01908,Utkarsh Sachar,Male,61,Kanpur,West Bengal,East
CUST01909,Dakshesh Bose,Male,33,Cuttack,Manipur,East
CUST01910,Barkha Bassi,Female,49,Etawah,Punjab,North
CUST01911,Brinda Dayal,Female,29,Nangloi Jat,Sikkim,East
CUST01912,Faraj Bose,Female,55,Tinsukia,Gujarat,West
CUST01913,Ishanvi Kannan,Female,40,Barasat,Kerala,South
CUST01914,Yash Vyas,Male,34,Imphal,Tamil Nadu,South
CUST01915,Chatura Pal,Male,36,Shivpuri,Himachal Pradesh,North
CUST01916,Samar Devan,Male,42,Farrukhabad,Telangana,South
CUST01917,Jason Pradhan,Male,28,Vadodara,Haryana,North
CUST01918,Sudiksha Comar,Male,32,Panchkula,Uttarakhand,North
CUST01919,Anamika Mall,Male,61,Dewas,Uttarakhand,North
CUST01920,Darpan Mallick,Male,35,Shimla,Andhra Pradesh,South
CUST01921,Leena Sawhney,Female,50,Rajahmundry,Gujarat,West
CUST01922,Qarin Sankar,Male,61,Farrukhabad,Arunachal Pradesh,East
CUST01923,Atharv Nayar,Male,48,Gudivada,Gujarat,West
CUST01924,Harita Saraf,Male,59,Howrah,Uttar Pradesh,North
CUST01925,Lipika Mani,Male,56,Khandwa,Odisha,East
CUST01926,Nicholas Raj,Male,32,Patiala,Chhattisgarh,Central
CUST01927,Avni Mahal,Female,56,Kulti,Tripura,East
CUST01928,Geetika Rana,Female,63,Tadepalligudem,Himachal Pradesh,North
CUST01929,Amruta Krishna,Female,45,Amravati,Jharkhand,East
CUST01930,Aishani Gola,Female,40,Surendranagar Dudhrej,Andhra Pradesh,South
CUST01931,Aditya Shukla,Female,34,Secunderabad,Meghalaya,East
CUST01932,Nilima Bhardwaj,Male,47,Bally,Punjab,North
CUST01933,Devansh Sastry,Female,61,Rampur,Tripura,East
CUST01934,Aashi Talwar,Female,55,Ambattur,Rajasthan,North
CUST01935,Manan Bawa,Male,18,Raipur,Rajasthan,North
CUST01936,Qarin Toor,Female,53,Adoni,Karnataka,South
CUST01937,Vedant Bhat,Female,37,Bardhaman,Andhra Pradesh,South
CUST01938,Chaitanya Keer,Male,48,Moradabad,Assam,East
CUST01939,Isaiah Vaidya,Male,39,Patiala,Gujarat,West
CUST01940,Kamya Sagar,Female,58,Purnia,Jharkhand,East
CUST01941,Aryan Narain,Female,35,Thanjavur,Maharashtra,West
CUST01942,Upma Menon,Female,59,Nanded,Kerala,South
CUST01943,Bina Doctor,Female,30,Aligarh,Punjab,North
CUST01944,Dhriti Vaidya,Male,51,Thrissur,Madhya Pradesh,Central
CUST01945,Mason Raj,Male,21,Solapur,Haryana,North
CUST01946,Jairaj Wable,Female,60,Medininagar,Meghalaya,East
CUST01947,Edhitha Luthra,Female,61,Ramgarh,Jharkhand,East
CUST01948,Falguni Kibe,Male,64,Ahmednagar,Manipur,East
CUST01949,Jack Khosla,Male,59,Alappuzha,Kerala,South
CUST01950,Indira Tiwari,Female,36,Mirzapur,Rajasthan,North
CUST01951,Victor Sen,Female,44,Berhampur,Odisha,East
CUST01952,Yash Reddy,Female,42,Medininagar,Himachal Pradesh,North
CUST01953,Harita Murthy,Male,55,Jodhpur,Maharashtra,West
CUST01954,Yashasvi Divan,Male,39,Davanagere,Goa,West
CUST01955,Alexander Ganesan,Male,61,Gurgaon,Himachal Pradesh,North
CUST01956,Harrison Date,Female,60,Chinsurah,Andhra Pradesh,South
CUST01957,Elijah Deo,Female,50,Bhusawal,Kerala,South
CUST01958,Neelima Khurana,Female,28,Kochi,Karnataka,South
CUST01959,Hritik Bath,Male,36,Raichur,Manipur,East
CUST01960,Shivani Sarin,Male,48,Morena,Tamil Nadu,South
CUST01961,Qadim Upadhyay,Male,65,Saharanpur,Andhra Pradesh,South
CUST01962,Sudiksha Raghavan,Female,64,Bahraich,Goa,West
CUST01963,Gunbir Kata,Male,61,Kumbakonam,Karnataka,South
CUST01964,Zarna Vohra,Female,59,Baranagar,Karnataka,South
CUST01965,Eiravati Gokhale,Male,32,Kalyan-Dombivli,Uttarakhand,North
CUST01966,Qushi Venkataraman,Female,32,Ramgarh,Punjab,North
CUST01967,Hardik Palan,Female,44,Dehradun,Bihar,East
CUST01968,Anusha Sur,Female,41,Rajahmundry,Goa,West
CUST01969,Aashi Cherian,Female,55,Alwar,Chhattisgarh,Central
CUST01970,Samuel Trivedi,Female,47,Bhopal,Punjab,North
CUST01971,Robert Ahuja,Male,48,Indore,Kerala,South
CUST01972,Baghyawati Sandhu,Male,58,Saharsa,Chhattisgarh,Central
CUST01973,Chakrika Choudhary,Male,48,Raiganj,Maharashtra,West
CUST01974,Adya Chadha,Male,50,Alwar,Telangana,South
CUST01975,Irya Brar,Male,61,Aurangabad,Karnataka,South
CUST01976,Yashica Nayak,Female,51,Malda,Rajasthan,North
CUST01977,Divya Barad,Female,44,Salem,Tamil Nadu,South
CUST01978,Ranveer Banik,Male,27,Sambalpur,Chhattisgarh,Central
CUST01979,Thomas Hayre,Male,30,Nandyal,Chhattisgarh,Central
CUST01980,Rachit Taneja,Female,44,Mira-Bhayandar,Gujarat,West
CUST01981,Zaitra Kala,Female,27,Raebareli,Assam,East
CUST01982,Sathvik Gokhale,Female,63,Gurgaon,Tamil Nadu,South
CUST01983,Lajita Keer,Male,23,Karawal Nagar,Mizoram,East
CUST01984,Charita Kata,Female,39,Shivpuri,Meghalaya,East
CUST01985,Ishanvi Srivastava,Male,38,Jalandhar,Haryana,North
CUST01986,Bhavna Saini,Male,18,Anantapur,Haryana,North
CUST01987,Jack Goda,Female,35,Imphal,Sikkim,East
CUST01988,Idika Rao,Male,28,Karawal Nagar,Uttarakhand,North
CUST01989,Nisha Keer,Male,49,Ramagundam,Himachal Pradesh,North
CUST01990,Nilima Bhat,Male,26,Bhilwara,Sikkim,East
CUST01991,Nisha Raman,Female,58,Khandwa,Madhya Pradesh,Central
CUST01992,Chatura Loyal,Female,43,Muzaffarnagar,Karnataka,South
CUST01993,Darika Sem,Female,48,Korba,Odisha,East
CUST01994,Samuel Choudhary,Female,18,Bikaner,Punjab,North
CUST01995,Ansh Raghavan,Male,52,Thoothukudi,Kerala,South
CUST01996,Chandran Venkataraman,Male,64,Mirzapur,Nagaland,East
CUST01997,Naksh Wason,Female,18,Berhampur,Jharkhand,East
CUST01998,Kashvi Narula,Female,51,Thrissur,Nagaland,East
CUST01999,Agastya Banik,Male,19,Hajipur,Bihar,East
CUST02000,Vedhika Basak,Male,58,Ichalkaranji,Jharkhand,East
CUST02001,Victor Kota,Male,32,Darbhanga,Telangana,South
CUST02002,Krishna Rattan,Female,37,Gopalpur,West Bengal,East
CUST02003,Faraj Borah,Male,24,Jaipur,Andhra Pradesh,South
CUST02004,Girish Raman,Female,50,Medininagar,West Bengal,East
CUST02005,Ekiya Sandal,Female,28,Barasat,Himachal Pradesh,North
CUST02006,Samaksh Chaudhry,Male,20,Gangtok,Meghalaya,East
CUST02007,Bishakha Sanghvi,Female,36,Korba,Maharashtra,West
CUST02008,Vasudha Mane,Female,64,Eluru,Andhra Pradesh,South
CUST02009,Meera Pradhan,Female,45,Bidhannagar,Haryana,North
CUST02010,Mekhala Kata,Male,39,Uluberia,Meghalaya,East
CUST02011,Deepa Natarajan,Female,40,Gwalior,Bihar,East
CUST02012,Sarthak Suri,Male,28,Gwalior,Chhattisgarh,Central
CUST02013,Urvashi Virk,Female,19,Allahabad,Tripura,East
CUST02014,Zayyan Sabharwal,Male,32,Naihati,Uttarakhand,North
CUST02015,Balhaar Nagy,Male,31,Kolkata,Himachal Pradesh,North
CUST02016,Vrinda Tata,Male,55,Noida,Karnataka,South
CUST02017,Vasudha Varkey,Male,25,Vasai-Virar,Maharashtra,West
CUST02018,Keya Datta,Female,63,Nanded,Mizoram,East
CUST02019,Ojas Hora,Male,42,Raipur,Arunachal Pradesh,East
CUST02020,Warhi Garde,Female,52,Kolhapur,Telangana,South
CUST02021,Mohini Andra,Male,56,Kochi,Maharashtra,West
CUST02022,Anika Virk,Male,60,Srikakulam,Kerala,South
CUST02023,Lohit Mannan,Male,59,Srikakulam,Tamil Nadu,South
CUST02024,Zilmil Krishnamurthy,Male,21,Surendranagar Dudhrej,Gujarat,West
CUST02025,Krishna Gala,Male,44,Hyderabad,Karnataka,South
CUST02026,Praneel Doctor,Female,42,Jabalpur,Andhra Pradesh,South
CUST02027,Raghav Iyengar,Male,53,Siwan,Manipur,East
CUST02028,Girindra Bhat,Female,48,Hindupur,Goa,West
CUST02029,Inaya Kara,Male,31,Kanpur,Gujarat,West
CUST02030,Bhavani Sandhu,Male,37,Arrah,Punjab,North
CUST02031,Aachal Jain,Female,60,Guntakal,Chhattisgarh,Central
CUST02032,Tarak Mammen,Male,60,Firozabad,Odisha,East
CUST02033,Jonathan Vig,Female,57,Bathinda,Odisha,East
CUST02034,Urvashi Kadakia,Male,44,Delhi,Uttar Pradesh,North
CUST02035,Tarak Chand,Male,50,Asansol,Goa,West
CUST02036,Aadi Naik,Male,36,Faridabad,Chhattisgarh,Central
CUST02037,Pavani Sodhi,Male,24,Barasat,Mizoram,East
CUST02038,Wridesh Ramaswamy,Female,30,Kharagpur,Tamil Nadu,South
CUST02039,Isha Muni,Male,34,Bettiah,Assam,East
CUST02040,Ojas Mall,Male,40,Junagadh,Nagaland,East
CUST02041,Vrishti Krishna,Female,36,Proddatur,Maharashtra,West
CUST02042,Pranav Bakshi,Male,20,Kirari Suleman Nagar,Tripura,East
CUST02043,Panini Kala,Female,31,Eluru,Kerala,South
CUST02044,Advaith Hayre,Female,39,Karimnagar,Mizoram,East
CUST02045,Abdul Mukherjee,Male,18,Bareilly,Kerala,South
CUST02046,Yadavi Arya,Male,60,Visakhapatnam,Rajasthan,North
CUST02047,Varenya Rao,Male,25,Nizamabad,Himachal Pradesh,North
CUST02048,Azaan Sinha,Female,27,Pallavaram,Goa,West
CUST02049,Hemang Barad,Male,50,Bhopal,Punjab,North
CUST02050,Peter Deep,Male,64,Gurgaon,Uttarakhand,North
CUST02051,Daksh Sawhney,Male,34,Satara,Bihar,East
CUST02052,Rishi Badal,Male,47,Ratlam,Tamil Nadu,South
CUST02053,Jeevika Varty,Female,34,Sambhal,Maharashtra,West
CUST02054,Dhruv Hans,Female,21,Shimoga,Assam,East
CUST02055,Sachi Basu,Male,29,Narasaraopet,Gujarat,West
CUST02056,Oscar Aggarwal,Male,36,Panipat,Nagaland,East
CUST02057,Jacob Om,Female,61,Tezpur,Uttarakhand,North
CUST02058,Ubika Chakrabarti,Female,45,Mysore,Goa,West
CUST02059,Quincy Nadkarni,Male,24,Gulbarga,Uttar Pradesh,North
CUST02060,Teerth Prasad,Male,18,Jodhpur,Telangana,South
CUST02061,Darika Halder,Male,60,Tirupati,Arunachal Pradesh,East
CUST02062,Bhavini Gokhale,Male,39,Kolhapur,Odisha,East
CUST02063,Odika Kara,Female,46,Darbhanga,Gujarat,West
CUST02064,Chakrika Lad,Female,64,Bilaspur,Assam,East
CUST02065,Isha Patla,Male,41,Nagaon,Manipur,East
CUST02066,Balhaar Rajan,Female,29,Siwan,Odisha,East
CUST02067,Radha Palan,Male,43,Dhule,Karnataka,South
CUST02068,Gautam Varghese,Female,47,Rampur,Gujarat,West
CUST02069,Advika Balay,Female,42,Hazaribagh,Sikkim,East
CUST02070,Vaishnavi Dey,Female,44,Dharmavaram,Karnataka,South
CUST02071,Krishna Bandi,Male,25,Vasai-Virar,Rajasthan,North
CUST02072,Abhiram Dutt,Male,62,Fatehpur,Karnataka,South
CUST02073,Harish Grover,Male,28,Farrukhabad,Goa,West
CUST02074,Quincy Bains,Male,44,Tadepalligudem,Manipur,East
CUST02075,Mohini Solanki,Female,54,Nizamabad,Telangana,South
CUST02076,Geetika Subramanian,Female,29,Dewas,Arunachal Pradesh,East
CUST02077,Yashica Chokshi,Female,40,Purnia,Tripura,East
CUST02078,Nandini Balakrishnan,Male,61,Anand,Goa,West
CUST02079,Rushil Dewan,Male,48,Thoothukudi,Uttar Pradesh,North
CUST02080,Gautam More,Female,25,Sri Ganganagar,Manipur,East
CUST02081,Noah Sharma,Female,46,Siliguri,Gujarat,West
CUST02082,Charvi Mohanty,Male,22,Udaipur,Haryana,North
CUST02083,Rajeshri Chana,Female,59,Jamnagar,Sikkim,East
CUST02084,Abdul Sood,Female,18,Hapur,Bihar,East
CUST02085,Meera Kala,Male,60,Gandhinagar,Uttarakhand,North
CUST02086,Xavier Char,Female,51,Warangal,Karnataka,South
CUST02087,Mugdha Narain,Male,45,Khandwa,Punjab,North
CUST02088,Ekbal Palan,Male,48,Dharmavaram,Andhra Pradesh,South
CUST02089,Pranav Keer,Female,60,Mirzapur,Karnataka,South
CUST02090,Mitali Brahmbhatt,Female,27,Durgapur,Meghalaya,East
CUST02091,Chaitanya Kakar,Male,18,Raebareli,Assam,East
CUST02092,Leena Gole,Male,50,Saharanpur,Jharkhand,East
CUST02093,Lila Srivastava,Female,49,Bhilwara,Maharashtra,West
CUST02094,Nihal Rao,Male,22,Kirari Suleman Nagar,Uttar Pradesh,North
CUST02095,Hiral Chaudhuri,Female,38,Ahmedabad,Goa,West
CUST02096,Kabir Tripathi,Male,39,Malda,Andhra Pradesh,South
CUST02097,Neelima Sami,Female,21,Avadi,Maharashtra,West
CUST02098,Jack Seshadri,Male,53,Bhalswa Jahangir Pur,Tamil Nadu,South
CUST02099,Janya Choudhury,Female,43,Khandwa,Nagaland,East
CUST02100,Fariq Doctor,Male,23,Naihati,Tamil Nadu,South
CUST02101,Rudra Varma,Female,46,Raebareli,Arunachal Pradesh,East
CUST02102,Baghyawati Baral,Female,23,Unnao,Manipur,East
CUST02103,Chandresh Pingle,Female,46,Khandwa,Karnataka,South
CUST02104,Arjun Loke,Female,25,Durg,Kerala,South
CUST02105,Anay Sekhon,Female,65,Bihar Sharif,Rajasthan,North
CUST02106,Isaac Parikh,Male,24,Katihar,Telangana,South
CUST02107,Yuvraj Gill,Female,44,Deoghar,Bihar,East
CUST02108,Maanav Tak,Male,53,Panipat,Kerala,South
CUST02109,Yagnesh Viswanathan,Male,23,Thane,Assam,East
CUST02110,Kashish Barad,Female,50,Narasaraopet,Telangana,South
CUST02111,Lavanya Vala,Male,59,Naihati,Rajasthan,North
CUST02112,Pahal Rattan,Female,39,Udaipur,Telangana,South
CUST02113,Fariq Sant,Female,21,Nellore,Odisha,East
CUST02114,Chavvi Varkey,Male,47,Dhanbad,Kerala,South
CUST02115,Tanveer Sarkar,Female,53,Gaya,Himachal Pradesh,North
CUST02116,Mohini Golla,Female,63,Darbhanga,Andhra Pradesh,South
CUST02117,Sarthak Bahl,Female,63,Bikaner,Himachal Pradesh,North
CUST02118,Turvi Nadkarni,Female,25,Korba,Haryana,North
CUST02119,Ekta Kant,Male,60,Pudukkottai,Jharkhand,East
CUST02120,Osha Narasimhan,Male,18,Fatehpur,Nagaland,East
CUST02121,Hemal Oak,Female,40,Sri Ganganagar,Uttarakhand,North
CUST02122,Max Shere,Female,53,Bhagalpur,Nagaland,East
CUST02123,Madhavi Kumer,Female,62,Patna,Sikkim,East
CUST02124,Vidhi Pai,Male,20,Dhule,Telangana,South
CUST02125,Daksha Manne,Male,49,Bidhannagar,Sikkim,East
CUST02126,Ayushman Dugal,Male,63,Nagercoil,Odisha,East
CUST02127,Ojasvi Bajaj,Female,24,Miryalaguda,Telangana,South
CUST02128,Wahab Prashad,Female,57,Burhanpur,Punjab,North
CUST02129,Gunbir Randhawa,Male,30,Rajpur Sonarpur,Bihar,East
CUST02130,Pranav Dutt,Male,43,Jamalpur,Maharashtra,West
CUST02131,Teerth Sahota,Male,47,Imphal,Tripura,East
CUST02132,Hitesh Nadkarni,Male,63,Kamarhati,West Bengal,East
CUST02133,Warda Shetty,Female,24,Hospet,Goa,West
CUST02134,Mugdha Mani,Female,20,Katihar,Uttarakhand,North
CUST02135,Ucchal Gera,Male,46,Yamunanagar,Odisha,East
CUST02136,Omya Roy,Female,60,Bhopal,Punjab,North
CUST02137,Lakshit Thakur,Male,49,Khora ,Odisha,East
CUST02138,Arin Nair,Male,51,Rourkela,Odisha,East
CUST02139,Gavin Prabhakar,Male,53,Ghaziabad,Uttar Pradesh,North
CUST02140,Yasti Hans,Female,55,Berhampore,Kerala,South
CUST02141,Parth Sodhi,Female,50,North Dumdum,Chhattisgarh,Central
CUST02142,Dhruv Balasubramanian,Male,62,Gangtok,Manipur,East
CUST02143,Yash Sawhney,Male,64,Belgaum,Manipur,East
CUST02144,Garima Dutta,Male,24,Surendranagar Dudhrej,Telangana,South
CUST02145,Abhimanyu Bali,Female,60,Saharsa,Meghalaya,East
CUST02146,Ekavir Sahni,Female,50,Siwan,Bihar,East
CUST02147,Reva Srivastava,Female,44,Jalna,Uttar Pradesh,North
CUST02148,Balveer Patla,Male,35,Sasaram,Rajasthan,North
CUST02149,Priya Dash,Female,39,Ulhasnagar,West Bengal,East
CUST02150,Isaac Gara,Female,46,Haridwar,Sikkim,East
CUST02151,Lucky Kibe,Male,26,Bhagalpur,Himachal Pradesh,North
CUST02152,Forum Borah,Female,56,Pallavaram,Tripura,East
CUST02153,Abha Oommen,Female,62,Raiganj,Karnataka,South
CUST02154,Aarna Maharaj,Female,63,Kolhapur,Chhattisgarh,Central
CUST02155,Atharv Kant,Male,30,Phusro,Kerala,South
CUST02156,Damyanti Dutt,Male,57,Fatehpur,Tamil Nadu,South
CUST02157,Chaitaly Dubey,Female,61,Siliguri,Punjab,North
CUST02158,Leena Kurian,Female,61,Bhopal,West Bengal,East
CUST02159,Chavvi Divan,Male,63,Rampur,Kerala,South
CUST02160,Vansha Garde,Male,50,Bhatpara,Odisha,East
CUST02161,Kavya Radhakrishnan,Female,63,Gulbarga,West Bengal,East
CUST02162,Parth Sule,Male,40,Kanpur,Sikkim,East
CUST02163,Hema Kar,Female,55,Tiruppur,Haryana,North
CUST02164,Arunima Dar,Female,61,Raurkela Industrial Township,Meghalaya,East
CUST02165,Advik Viswanathan,Female,45,Panihati,Kerala,South
CUST02166,Mohini Chaudhary,Male,51,Guna,Assam,East
CUST02167,Fariq Bhalla,Male,19,Tezpur,Mizoram,East
CUST02168,Yash Kunda,Female,27,Sambalpur,Haryana,North
CUST02169,Peter Baria,Male,60,Suryapet,Himachal Pradesh,North
CUST02170,Ranveer Bhatt,Male,30,Nagaon,Jharkhand,East
CUST02171,Sarthak Kari,Female,28,Bhimavaram,Tripura,East
CUST02172,Ucchal Chaudhari,Female,61,Imphal,Uttar Pradesh,North
CUST02173,Ronith Sridhar,Female,27,Mango,Assam,East
CUST02174,Rudra Chaudhry,Male,62,Khora ,Meghalaya,East
CUST02175,Aditya Sani,Female,31,Mango,Tripura,East
CUST02176,Tanmayi Acharya,Male,40,Vellore,Punjab,North
CUST02177,Waida Goda,Female,24,Guna,Meghalaya,East
CUST02178,Chandani Lalla,Male,65,Mau,Himachal Pradesh,North
CUST02179,Ria Choudhury,Female,33,Morbi,Andhra Pradesh,South
CUST02180,Yashodhara Singhal,Female,62,Ujjain,Goa,West
CUST02181,Rachana Modi,Male,42,Mango,Karnataka,South
CUST02182,Rishi Chopra,Female,44,Kakinada,Jharkhand,East
CUST02183,Ekaja Wali,Female,53,Kota,Sikkim,East
CUST02184,Shivansh Dubey,Male,18,Sangli-Miraj & Kupwad,Gujarat,West
CUST02185,Onveer Dugar,Female,30,Anantapur,Mizoram,East
CUST02186,Omaja Luthra,Female,32,Firozabad,Meghalaya,East
CUST02187,Kamala Dhillon,Female,55,Thoothukudi,Telangana,South
CUST02188,Divya Sengupta,Male,64,Khandwa,Odisha,East
CUST02189,Omisha Ahluwalia,Male,36,Pimpri-Chinchwad,Maharashtra,West
CUST02190,Logan Shan,Female,29,Surat,Uttarakhand,North
CUST02191,Sathvik Kunda,Male,29,Dindigul,Andhra Pradesh,South
CUST02192,Prisha Raja,Male,65,Proddatur,Nagaland,East
CUST02193,Tanveer Thakur,Male,42,Panipat,Bihar,East
CUST02194,Xavier Dyal,Male,45,Nangloi Jat,Telangana,South
CUST02195,Chakradhar Ramakrishnan,Female,53,Kulti,Himachal Pradesh,North
CUST02196,Daniel Chaudhuri,Female,26,Tiruvottiyur,Himachal Pradesh,North
CUST02197,Raksha Mane,Male,55,Chittoor,Chhattisgarh,Central
CUST02198,Ekta Sachdev,Female,18,Saharanpur,Odisha,East
CUST02199,Ryan Chakrabarti,Female,47,Sambalpur,Karnataka,South
CUST02200,Bishakha Bains,Male,20,Jabalpur,West Bengal,East
CUST02201,Jalsa Sehgal,Male,38,Udaipur,Karnataka,South
CUST02202,Vedant Sharma,Male,58,Thoothukudi,Gujarat,West
CUST02203,Aadhya Bajaj,Female,49,Jamshedpur,Rajasthan,North
CUST02204,Prisha Randhawa,Female,22,Nashik,Uttarakhand,North
CUST02205,Yauvani Prakash,Female,51,Buxar,Maharashtra,West
CUST02206,Yamini Narain,Male,29,Ichalkaranji,Odisha,East
CUST02207,Ekalinga Borra,Male,50,Proddatur,Tripura,East
CUST02208,Nathan Varghese,Male,44,Chapra,Manipur,East
CUST02209,Elijah Sankar,Female,23,Kirari Suleman Nagar,Manipur,East
CUST02210,Ganga Bora,Female,32,Ramgarh,Karnataka,South
CUST02211,Rachana Bail,Male,60,Ramgarh,Jharkhand,East
CUST02212,Madhavi Bahl,Female,39,Kamarhati,Karnataka,South
CUST02213,Matthew Lad,Female,36,Bhimavaram,Sikkim,East
CUST02214,Tanvi Iyer,Male,57,Gangtok,Chhattisgarh,Central
CUST02215,Manbir Jhaveri,Female,53,Bokaro,Bihar,East
CUST02216,Balveer Datta,Male,25,Coimbatore,Karnataka,South
CUST02217,Victor Joshi,Female,46,Avadi,Goa,West
CUST02218,Anika Kaul,Male,59,Raichur,Andhra Pradesh,South
CUST02219,Ria Dasgupta,Male,20,Indore,Manipur,East
CUST02220,Lajita Bawa,Female,42,Bahraich,Madhya Pradesh,Central
CUST02221,Samesh Rai,Male,42,Tiruchirappalli,Goa,West
CUST02222,Nicholas Kadakia,Female,52,Unnao,Telangana,South
CUST02223,Edhitha Sagar,Female,19,Bhagalpur,Assam,East
CUST02224,Vanya Kumer,Female,50,Sirsa,Andhra Pradesh,South
CUST02225,Lajita Salvi,Female,49,Salem,Kerala,South
CUST02226,Dayita Bhattacharyya,Male,36,Dewas,Haryana,North
CUST02227,Madhavi Sinha,Male,38,Panipat,Telangana,South
CUST02228,Chakradev Dhaliwal,Male,24,Belgaum,Odisha,East
CUST02229,Kabir Venkataraman,Male,52,Kolhapur,Tamil Nadu,South
CUST02230,Balvan Bhat,Male,58,Durg,Kerala,South
CUST02231,Nakul Saini,Male,31,Akola,Mizoram,East
CUST02232,Pratyush Patla,Male,61,Ujjain,Andhra Pradesh,South
CUST02233,Samar Mohan,Female,24,Dindigul,Uttarakhand,North
CUST02234,Ekani Balakrishnan,Male,52,Bathinda,Andhra Pradesh,South
CUST02235,Bakhshi Dhawan,Female,59,Ranchi,Nagaland,East
CUST02236,Omkaar Dugar,Male,65,Kanpur,Kerala,South
CUST02237,George Saini,Male,19,Gorakhpur,Meghalaya,East
CUST02238,Ojasvi Yadav,Female,63,Guntur,West Bengal,East
CUST02239,Deepa Soni,Female,20,Bardhaman,Chhattisgarh,Central
CUST02240,Jasmit Char,Male,22,Kumbakonam,Telangana,South
CUST02241,Jeremiah Kanda,Male,29,Asansol,Haryana,North
CUST02242,Girish Raval,Female,53,Srikakulam,Bihar,East
CUST02243,Upkaar Krishna,Male,54,Barasat,Karnataka,South
CUST02244,Zinal Varughese,Male,34,Mira-Bhayandar,Karnataka,South
CUST02245,Kavya Dhillon,Female,42,Kharagpur,Rajasthan,North
CUST02246,Rudra Gopal,Female,58,Asansol,Rajasthan,North
CUST02247,Wazir Edwin,Female,45,North Dumdum,Andhra Pradesh,South
CUST02248,Veda Padmanabhan,Female,19,Gangtok,Madhya Pradesh,Central
CUST02249,Tanish Setty,Female,61,Bongaigaon,Manipur,East
CUST02250,Ati Varkey,Male,52,Naihati,Goa,West
CUST02251,Harita Sura,Male,59,Jalandhar,Sikkim,East
CUST02252,Zilmil Lall,Male,65,Ambarnath,Maharashtra,West
CUST02253,Jonathan Chandra,Male,62,Berhampore,Uttarakhand,North
CUST02254,Jai Merchant,Male,40,Sri Ganganagar,Jharkhand,East
CUST02255,Rajata Butala,Male,36,Sikar,Uttarakhand,North
CUST02256,Lucky Kapadia,Female,56,Davanagere,Telangana,South
CUST02257,Max Wali,Male,36,Katihar,Kerala,South
CUST02258,Ojas Prasad,Female,42,Salem,Sikkim,East
CUST02259,Upkaar Doshi,Female,60,Panihati,Himachal Pradesh,North
CUST02260,Nandini Minhas,Male,48,Nagaon,Maharashtra,West
CUST02261,Upadhriti Nagy,Male,52,Dewas,Andhra Pradesh,South
CUST02262,Zayan Muni,Male,26,Pudukkottai,Punjab,North
CUST02263,Daniel Roy,Female,52,Asansol,Meghalaya,East
CUST02264,Xavier Raman,Female,58,Gurgaon,Madhya Pradesh,Central
CUST02265,Yuvraj Palla,Male,37,Kamarhati,Himachal Pradesh,North
CUST02266,Neelima Dasgupta,Female,18,Tiruppur,Manipur,East
CUST02267,Anya Narang,Male,25,Kochi,Mizoram,East
CUST02268,Harshil Sinha,Male,18,Bahraich,Jharkhand,East
CUST02269,Suhani Dube,Female,52,Mau,Himachal Pradesh,North
CUST02270,Lakshmi Kumer,Male,37,Kirari Suleman Nagar,Maharashtra,West
CUST02271,Vidhi Manne,Male,65,Nagaon,Bihar,East
CUST02272,Janani Khurana,Female,31,Bhiwani,Maharashtra,West
CUST02273,Henry Mammen,Female,59,Chandrapur,Rajasthan,North
CUST02274,Oni Krishnamurthy,Male,28,Gwalior,Andhra Pradesh,South
CUST02275,Vedika Kibe,Male,32,Korba,Odisha,East
CUST02276,Amaira Chawla,Female,30,Kishanganj,Punjab,North
CUST02277,Zilmil Raja,Male,29,Madanapalle,Bihar,East
CUST02278,Girish Dalal,Male,53,Karimnagar,Odisha,East
CUST02279,Meera Baral,Female,59,Gandhidham,West Bengal,East
CUST02280,Baljiwan Rastogi,Male,36,Indore,Gujarat,West
CUST02281,Arjun Narasimhan,Male,34,Jalna,Maharashtra,West
CUST02282,Tanmayi Kulkarni,Male,30,Hapur,Kerala,South
CUST02283,Aradhana Sehgal,Female,39,Anantapur,Manipur,East
CUST02284,Naveen Kadakia,Female,26,Rewa,Tripura,East
CUST02285,Orinder Tata,Male,24,Thoothukudi,Kerala,South
CUST02286,Edhitha Mohan,Female,57,Mysore,Rajasthan,North
CUST02287,Dhriti Tank,Male,30,Eluru,Gujarat,West
CUST02288,Vedika Panchal,Female,49,Bahraich,Kerala,South
CUST02289,Om Naidu,Female,39,Gorakhpur,Gujarat,West
CUST02290,Yashawini Minhas,Female,62,Sikar,Punjab,North
CUST02291,Rushil Chander,Male,54,Khora ,Sikkim,East
CUST02292,Adya Dhingra,Female,38,Katihar,Kerala,South
CUST02293,Kiaan Rajan,Female,28,Durg,Punjab,North
CUST02294,Ekiya Kar,Male,38,Thane,Haryana,North
CUST02295,Anusha Bal,Male,32,Rajahmundry,Uttarakhand,North
CUST02296,Yatan Kara,Female,35,Thrissur,Chhattisgarh,Central
CUST02297,Chaman Kohli,Female,26,Pudukkottai,Meghalaya,East
CUST02298,Oeshi Handa,Female,48,Gaya,West Bengal,East
CUST02299,Lila Lal,Female,46,Firozabad,Maharashtra,West
CUST02300,Janya Keer,Female,37,Panvel,Kerala,South
CUST02301,Krish Nagy,Female,53,Siwan,Odisha,East
CUST02302,Gopal Tripathi,Male,29,Jorhat,Karnataka,South
CUST02303,Vedant Pall,Male,35,Kirari Suleman Nagar,Himachal Pradesh,North
CUST02304,Triveni Sarma,Male,52,Gudivada,Maharashtra,West
CUST02305,Onveer Bains,Male,34,Karaikudi,Rajasthan,North
CUST02306,Idika Sood,Male,64,Rajkot,Sikkim,East
CUST02307,Dhruv Majumdar,Male,19,Bhopal,Tamil Nadu,South
CUST02308,Raagini Deol,Male,55,Thrissur,Sikkim,East
CUST02309,Dayita Yohannan,Female,55,Bathinda,Haryana,North
CUST02310,Maanas Zacharia,Male,20,Chennai,Punjab,North
CUST02311,Ishita Dar,Female,52,Srikakulam,Assam,East
CUST02312,Neel Hayer,Female,59,Ghaziabad,Tripura,East
CUST02313,Pratyush Balan,Male,41,Jamshedpur,Karnataka,South
CUST02314,Girindra Raval,Female,32,Vellore,Madhya Pradesh,Central
CUST02315,Lakshit Oza,Female,26,Jalandhar,Jharkhand,East
CUST02316,Peter Sani,Female,50,Panchkula,Assam,East
CUST02317,Abha Ratti,Male,43,Ambattur,Kerala,South
CUST02318,Harinakshi Seth,Female,50,Loni,Himachal Pradesh,North
CUST02319,Darsh Bhargava,Male,60,Bareilly,Goa,West
CUST02320,Advik Agrawal,Male,57,Yamunanagar,Jharkhand,East
CUST02321,Kavya Boase,Male,50,Maheshtala,Rajasthan,North
CUST02322,Qabil Wason,Male,46,Hapur,Bihar,East
CUST02323,Kavya Goel,Male,29,Belgaum,Mizoram,East
CUST02324,Sai Balasubramanian,Male,65,Siwan,Uttar Pradesh,North
CUST02325,Devika Manne,Female,40,Karnal,Sikkim,East
CUST02326,Zarna Ganesh,Male,32,Mehsana,Gujarat,West
CUST02327,Geetika Sha,Female,32,Sultan Pur Majra,Bihar,East
CUST02328,Hamsini Koshy,Male,34,Ajmer,Haryana,North
CUST02329,Raghav Raval,Female,32,Secunderabad,Arunachal Pradesh,East
CUST02330,Hardik Venkatesh,Male,60,Pondicherry,Mizoram,East
CUST02331,Sai Mandal,Male,51,Bhavnagar,Manipur,East
CUST02332,Brinda Sandhu,Female,42,Raebareli,Madhya Pradesh,Central
CUST02333,Vritti Bajwa,Female,47,Vasai-Virar,Karnataka,South
CUST02334,Lopa Mohan,Male,20,Tumkur,Tripura,East
CUST02335,Benjamin Guha,Female,24,Aizawl,Odisha,East
CUST02336,Dipta Bava,Female,65,Nashik,Jharkhand,East
CUST02337,Raghav Pandey,Female,55,Raebareli,Telangana,South
CUST02338,Yashoda Prabhakar,Male,42,Kakinada,Bihar,East
CUST02339,Quincy Kant,Female,41,Srinagar,Tamil Nadu,South
CUST02340,Warhi Jhaveri,Male,51,Ranchi,Madhya Pradesh,Central
CUST02341,Jackson Mannan,Female,42,New Delhi,Sikkim,East
CUST02342,Peter Ramakrishnan,Male,51,Serampore,Uttarakhand,North
CUST02343,Chaitanya Dugal,Female,40,Khora ,Haryana,North
CUST02344,Pahal Mukherjee,Female,49,Darbhanga,Maharashtra,West
CUST02345,Ojasvi Sachdev,Female,56,Alwar,Uttarakhand,North
CUST02346,Vinaya Kulkarni,Male,50,Tenali,Arunachal Pradesh,East
CUST02347,Kabir Kapoor,Male,46,Raipur,Bihar,East
CUST02348,Vrinda Bhavsar,Male,32,Jorhat,Karnataka,South
CUST02349,Aahana Rao,Male,50,Jorhat,Jharkhand,East
CUST02350,Advika Chopra,Female,31,Tenali,Uttarakhand,North
CUST02351,Gabriel Tank,Male,29,Warangal,Mizoram,East
CUST02352,Upasna Srinivas,Male,41,Gorakhpur,Haryana,North
CUST02353,Lipika Gour,Male,60,Jabalpur,Haryana,North
CUST02354,Kamala Sarma,Male,44,Mango,Punjab,North
CUST02355,Yahvi Gulati,Female,64,Ratlam,Arunachal Pradesh,East
CUST02356,Michael Om,Male,48,Akola,Kerala,South
CUST02357,Sai Bhalla,Female,48,Nadiad,Chhattisgarh,Central
CUST02358,Yashasvi Bhatt,Male,55,Udaipur,Rajasthan,North
CUST02359,Gautami Sarna,Male,59,Gandhidham,Assam,East
CUST02360,Bhavna Dyal,Female,19,Motihari,Karnataka,South
CUST02361,Isaac Bhattacharyya,Male,20,Kadapa,Nagaland,East
CUST02362,Omkaar Nagy,Male,54,Agra,Chhattisgarh,Central
CUST02363,Vivaan Ahuja,Male,26,Delhi,Odisha,East
CUST02364,Lila Dar,Male,54,Vadodara,Odisha,East
CUST02365,Anmol Soni,Male,21,Ichalkaranji,Sikkim,East
CUST02366,Shivani Khanna,Male,34,Pudukkottai,Himachal Pradesh,North
CUST02367,Suhani Srinivas,Male,51,Malda,Nagaland,East
CUST02368,Udarsh Dhawan,Female,56,Akola,Madhya Pradesh,Central
CUST02369,Naveen Pillai,Male,64,Bhiwani,Uttar Pradesh,North
CUST02370,Maanas Basak,Female,23,Bulandshahr,Tamil Nadu,South
CUST02371,Neelima Dass,Male,46,Dhule,Madhya Pradesh,Central
CUST02372,Omisha Sharma,Female,48,Raiganj,Madhya Pradesh,Central
CUST02373,Januja Nazareth,Male,32,Silchar,Chhattisgarh,Central
CUST02374,Yatan Kalla,Female,56,Jehanabad,Gujarat,West
CUST02375,Ubika Rege,Male,55,Aizawl,Gujarat,West
CUST02376,Lohit Singhal,Male,57,Hosur,Rajasthan,North
CUST02377,Charita Sachar,Female,28,Kollam,Gujarat,West
CUST02378,Naksh Rajagopalan,Female,47,Bokaro,Manipur,East
CUST02379,Samuel Raju,Male,32,Darbhanga,Telangana,South
CUST02380,Neelima Hora,Female,42,Bulandshahr,Karnataka,South
CUST02381,Yatan De,Male,24,Satna,Punjab,North
CUST02382,Gunbir Bhattacharyya,Male,30,Jaipur,Andhra Pradesh,South
CUST02383,Garima Chana,Female,27,Raurkela Industrial Township,Gujarat,West
CUST02384,Tanay Mohanty,Male,29,Mirzapur,Punjab,North
CUST02385,Sanya Soman,Female,57,Akola,Jharkhand,East
CUST02386,Harrison Dutta,Male,52,Ujjain,Maharashtra,West
CUST02387,Nimrat Dutt,Male,23,Parbhani,Tamil Nadu,South
CUST02388,Ishaan Din,Female,60,Jalandhar,Tripura,East
CUST02389,Krishna Raj,Male,56,Nadiad,Meghalaya,East
CUST02390,Anmol Patil,Male,61,Bhimavaram,Odisha,East
CUST02391,Sara Bahri,Female,51,Tezpur,Kerala,South
CUST02392,Frederick Pingle,Female,41,Belgaum,Chhattisgarh,Central
CUST02393,Meera Doctor,Male,62,Thiruvananthapuram,Rajasthan,North
CUST02394,Brinda Chacko,Female,32,Madanapalle,Uttar Pradesh,North
CUST02395,Amol Sahni,Female,42,Bharatpur,West Bengal,East
CUST02396,Rehaan Varghese,Female,55,Saharsa,Andhra Pradesh,South
CUST02397,Eiravati Ganesan,Male,45,Mathura,Tamil Nadu,South
CUST02398,Adya Sen,Male,34,Naihati,Arunachal Pradesh,East
CUST02399,Tara Buch,Female,32,Suryapet,Arunachal Pradesh,East
CUST02400,Advaith Bahl,Male,36,Nadiad,Gujarat,West
CUST02401,Lajita Rama,Female,34,Gopalpur,Tamil Nadu,South
CUST02402,Gautami Peri,Male,18,Vellore,Tamil Nadu,South
CUST02403,Kevin Pal,Male,54,Suryapet,Gujarat,West
CUST02404,Baghyawati Loke,Male,51,Hospet,Sikkim,East
CUST02405,Eiravati Upadhyay,Male,42,Lucknow,Uttar Pradesh,North
CUST02406,Hredhaan Kibe,Male,62,Belgaum,Kerala,South
CUST02407,Mitesh Khalsa,Female,44,Aurangabad,Andhra Pradesh,South
CUST02408,Harita Bobal,Female,24,Ballia,Rajasthan,North
CUST02409,Ganga Cherian,Male,45,Pimpri-Chinchwad,Tamil Nadu,South
CUST02410,Ryan Bumb,Female,34,Mysore,Tamil Nadu,South
CUST02411,Aarush Sant,Female,54,Bhagalpur,Arunachal Pradesh,East
CUST02412,Lila Nagi,Female,57,Fatehpur,Uttarakhand,North
CUST02413,Warhi Grewal,Female,61,Tumkur,Telangana,South
CUST02414,Saanvi Goyal,Female,31,Vijayawada,Goa,West
CUST02415,Adya Dhawan,Female,53,Amravati,Tamil Nadu,South
CUST02416,Raghav Grover,Female,29,Ambattur,Goa,West
CUST02417,Chaman Sachar,Female,53,Bellary,Maharashtra,West
CUST02418,Hemani Khosla,Female,34,Chandrapur,Jharkhand,East
CUST02419,Dhruv Bhatia,Female,54,Kumbakonam,Kerala,South
CUST02420,Qushi Buch,Female,63,Ahmedabad,Telangana,South
CUST02421,Eiravati Pathak,Female,65,Jehanabad,Himachal Pradesh,North
CUST02422,Shravya Parmar,Male,60,Uluberia,Meghalaya,East
CUST02423,Vrinda Munshi,Male,65,Ambattur,Odisha,East
CUST02424,Brijesh Pandit,Male,46,Kirari Suleman Nagar,Manipur,East
CUST02425,Neha Sheth,Male,24,Bidhannagar,Chhattisgarh,Central
CUST02426,Lekha Saini,Male,50,Kolhapur,Uttar Pradesh,North
CUST02427,Lakshmi Dixit,Female,39,Ambarnath,Andhra Pradesh,South
CUST02428,Orinder Dora,Male,28,Bellary,Bihar,East
CUST02429,Mahika Sodhi,Female,58,Gopalpur,Karnataka,South
CUST02430,Anthony Tank,Male,23,Kozhikode,Jharkhand,East
CUST02431,Vedant Gupta,Male,48,Medininagar,Telangana,South
CUST02432,Rachita Saran,Female,23,Morbi,Sikkim,East
CUST02433,Ira Cherian,Male,34,North Dumdum,Tamil Nadu,South
CUST02434,Bimala Dhaliwal,Male,41,Kadapa,Meghalaya,East
CUST02435,Omaja Swaminathan,Male,56,Aizawl,Rajasthan,North
CUST02436,Hamsini Mukhopadhyay,Male,64,Pudukkottai,Bihar,East
CUST02437,Baghyawati Om,Female,43,Warangal,Kerala,South
CUST02438,Dev Badami,Female,63,Uluberia,Maharashtra,West
CUST02439,Shaurya Narain,Male,29,Satara,Rajasthan,North
CUST02440,Avni Oak,Female,46,Jammu,Chhattisgarh,Central
CUST02441,Veer Khalsa,Male,30,Unnao,Odisha,East
CUST02442,Anirudh Munshi,Female,30,Yamunanagar,Tripura,East
CUST02443,Ekanta Bumb,Male,56,Surendranagar Dudhrej,Punjab,North
CUST02444,Ekalinga Sengupta,Male,57,Nellore,Uttar Pradesh,North
CUST02445,Luke Patla,Male,61,Bhalswa Jahangir Pur,Haryana,North
CUST02446,Aarush Narang,Male,41,Udupi,Meghalaya,East
CUST02447,Anjali Nagarajan,Male,59,Satara,Punjab,North
CUST02448,Raghav Dara,Male,28,Ghaziabad,Telangana,South
CUST02449,Yamini Mandal,Male,35,Gandhinagar,Maharashtra,West
CUST02450,Chanchal Lal,Female,40,Asansol,Jharkhand,East
CUST02451,Ayush Sama,Female,43,Arrah,Manipur,East
CUST02452,Sanya Raja,Male,51,Hindupur,Manipur,East
CUST02453,Hritik Mahal,Male,65,Bally,Gujarat,West
CUST02454,Bhavani Gaba,Male,23,North Dumdum,Andhra Pradesh,South
CUST02455,Charles Narain,Female,64,Arrah,Chhattisgarh,Central
CUST02456,Keya Bal,Female,40,North Dumdum,Madhya Pradesh,Central
CUST02457,Eta Banerjee,Female,32,North Dumdum,Odisha,East
CUST02458,Yasti Bhalla,Male,47,Mehsana,Assam,East
CUST02459,Logan Doshi,Female,54,Nagaon,Goa,West
CUST02460,George Parsa,Male,34,Sonipat,Assam,East
CUST02461,Hemal Boase,Male,44,Rewa,Nagaland,East
CUST02462,Omaja Randhawa,Male,53,Motihari,Uttarakhand,North
CUST02463,Sarthak Sen,Male,50,Bhiwandi,Tripura,East
CUST02464,Utkarsh Khatri,Female,39,Proddatur,Andhra Pradesh,South
CUST02465,Umang Srinivas,Male,50,Kalyan-Dombivli,Haryana,North
CUST02466,Michael Devan,Female,52,North Dumdum,Madhya Pradesh,Central
CUST02467,Anirudh Uppal,Female,62,Kumbakonam,Andhra Pradesh,South
CUST02468,Ekansh Baria,Female,42,Giridih,Arunachal Pradesh,East
CUST02469,Victor Swamy,Female,33,Karnal,Tamil Nadu,South
CUST02470,Jhalak Upadhyay,Female,47,Sikar,Gujarat,West
CUST02471,Abhimanyu Manda,Female,55,Miryalaguda,Kerala,South
CUST02472,Nathaniel Jaggi,Male,48,Thanjavur,Gujarat,West
CUST02473,Abha Ramaswamy,Male,34,Baranagar,Manipur,East
CUST02474,Sanaya Vala,Male,42,Kurnool,Goa,West
CUST02475,Benjamin Ram,Male,61,Tiruppur,Gujarat,West
CUST02476,Tanish Mitter,Male,38,Madhyamgram,Arunachal Pradesh,East
CUST02477,Zayyan Kalla,Female,40,Tirupati,Andhra Pradesh,South
CUST02478,Pratyush Nath,Male,62,Panchkula,Telangana,South
CUST02479,Falak Shankar,Female,33,Madanapalle,Tripura,East
CUST02480,Vyanjana Srinivasan,Female,23,Kulti,Assam,East
CUST02481,Aadi Balasubramanian,Female,61,Hyderabad,Himachal Pradesh,North
CUST02482,Chavvi Saxena,Female,22,Tezpur,Goa,West
CUST02483,Chatresh Pillai,Male,48,Jhansi,Maharashtra,West
CUST02484,Faqid Mammen,Female,40,Lucknow,Jharkhand,East
CUST02485,Jagdish Mittal,Male,54,Firozabad,Manipur,East
CUST02486,Jai Balasubramanian,Female,29,Akola,Andhra Pradesh,South
CUST02487,Gabriel Keer,Male,49,Adoni,Tamil Nadu,South
CUST02488,Anamika Bajaj,Male,33,Rajkot,Telangana,South
CUST02489,Tanveer Bhattacharyya,Male,34,Burhanpur,Andhra Pradesh,South
CUST02490,Widisha Sankaran,Male,32,Haridwar,Goa,West
CUST02491,Chaitanya Bhatnagar,Male,33,Ichalkaranji,Telangana,South
CUST02492,Samaksh Loke,Female,27,Darbhanga,West Bengal,East
CUST02493,Wahab Sem,Male,25,Varanasi,West Bengal,East
CUST02494,Vrinda Kata,Male,61,Baranagar,Kerala,South
CUST02495,Jhalak Shan,Female,57,Tinsukia,Goa,West
CUST02496,Kamya Zachariah,Male,52,Pondicherry,Telangana,South
CUST02497,Niharika Ghosh,Male,48,Serampore,Manipur,East
CUST02498,Brinda Divan,Female,57,Hosur,Maharashtra,West
CUST02499,Rachana Chadha,Female,49,Durgapur,Karnataka,South
CUST02500,Unnati Seshadri,Female,49,Kalyan-Dombivli,Karnataka,South
CUST02501,Harita Zachariah,Male,50,Chapra,Chhattisgarh,Central
CUST02502,Meghana Bumb,Female,43,Gorakhpur,Mizoram,East
CUST02503,Zinal Chawla,Male,54,Rohtak,Nagaland,East
CUST02504,Utkarsh Natt,Male,21,Bhiwandi,Karnataka,South
CUST02505,Megha Virk,Female,48,Muzaffarnagar,Odisha,East
CUST02506,Nikita Cherian,Male,50,Malda,Chhattisgarh,Central
CUST02507,Aadi Thaman,Female,43,Shimla,Chhattisgarh,Central
CUST02508,Damini Khurana,Male,47,Avadi,Uttarakhand,North
CUST02509,Gopal Halder,Male,62,Pune,Andhra Pradesh,South
CUST02510,Jai Johal,Female,38,Madurai,Assam,East
CUST02511,Sneha Dani,Male,18,Secunderabad,Sikkim,East
CUST02512,Advaith Mital,Male,42,Munger,Kerala,South
CUST02513,Daksha Sangha,Male,38,Srikakulam,Odisha,East
CUST02514,Vyanjana Balay,Female,57,Imphal,Kerala,South
CUST02515,Aadhya Solanki,Female,29,Siwan,Tripura,East
CUST02516,Pahal Panchal,Female,33,Indore,Madhya Pradesh,Central
CUST02517,Vinaya Chadha,Female,48,Nizamabad,Nagaland,East
CUST02518,Fitan Korpal,Female,41,Malda,Madhya Pradesh,Central
CUST02519,Wyatt Singh,Male,49,North Dumdum,Jharkhand,East
CUST02520,Tarak Roy,Female,31,Hyderabad,Sikkim,East
CUST02521,Ayaan Toor,Female,62,Coimbatore,Mizoram,East
CUST02522,Ubika Maharaj,Female,41,Jorhat,Rajasthan,North
CUST02523,Zehaan Dalal,Female,35,Akola,Manipur,East
CUST02524,Nicholas Baral,Female,29,Ghaziabad,Karnataka,South
CUST02525,Imaran Dubey,Male,54,Davanagere,Meghalaya,East
CUST02526,Zaid Ahluwalia,Male,24,Belgaum,Tripura,East
CUST02527,Caleb Mittal,Female,33,Rajahmundry,Karnataka,South
CUST02528,Veer Saxena,Female,42,Salem,Goa,West
CUST02529,Kevin Bajwa,Male,27,Mehsana,Kerala,South
CUST02530,Ansh Vohra,Male,48,Tinsukia,Bihar,East
CUST02531,Urvi Bandi,Male,29,Junagadh,Nagaland,East
CUST02532,Ekalinga Bhattacharyya,Female,49,Firozabad,Sikkim,East
CUST02533,Vaishnavi Rattan,Male,58,Durgapur,Bihar,East
CUST02534,Neel Chadha,Female,49,Thiruvananthapuram,Manipur,East
CUST02535,Adya Sridhar,Female,34,Udaipur,Odisha,East
CUST02536,Jack Baral,Male,43,Panihati,Chhattisgarh,Central
CUST02537,Kiaan Raman,Male,62,Serampore,Arunachal Pradesh,East
CUST02538,Isaiah Vohra,Male,21,Bhimavaram,Mizoram,East
CUST02539,Chavvi Devan,Male,34,Latur,West Bengal,East
CUST02540,Tanay Gulati,Female,58,Morena,Meghalaya,East
CUST02541,Hardik Gera,Male,46,Begusarai,Rajasthan,North
CUST02542,Madhav Datta,Female,34,Jabalpur,Meghalaya,East
CUST02543,Nitesh Koshy,Female,41,Mirzapur,Haryana,North
CUST02544,Niharika Bhasin,Female,40,Kalyan-Dombivli,West Bengal,East
CUST02545,Megha Bala,Male,44,Dindigul,Madhya Pradesh,Central
CUST02546,Umang Datta,Male,40,Srikakulam,Uttar Pradesh,North
CUST02547,Nakul Khurana,Male,54,Mehsana,Tripura,East
CUST02548,Rachita Balasubramanian,Male,36,Amritsar,Nagaland,East
CUST02549,Madhav Baral,Female,38,Alwar,Madhya Pradesh,Central
CUST02550,Ucchal Om,Female,65,Jorhat,Punjab,North
CUST02551,Darika Singhal,Female,23,Kharagpur,Tripura,East
CUST02552,Upasna Nazareth,Female,57,Unnao,Karnataka,South
CUST02553,Zayan Loyal,Female,47,Tumkur,Punjab,North
CUST02554,Dhriti Naik,Male,28,Buxar,Gujarat,West
CUST02555,Damini Handa,Female,44,Kadapa,Sikkim,East
CUST02556,Arya Lalla,Female,22,Maheshtala,Tripura,East
CUST02557,Chakrika Gupta,Male,28,Hosur,Nagaland,East
CUST02558,Samarth Shere,Female,32,Kochi,Telangana,South
CUST02559,Yatin Jha,Female,38,South Dumdum,Rajasthan,North
CUST02560,Kavya Korpal,Female,63,Karawal Nagar,Tamil Nadu,South
CUST02561,Tripti Yogi,Female,56,Ulhasnagar,Himachal Pradesh,North
CUST02562,Zayyan Dash,Female,35,Jamalpur,Madhya Pradesh,Central
CUST02563,Ekalinga Gulati,Female,41,Shimla,Manipur,East
CUST02564,Yasti Salvi,Female,44,Shimoga,Arunachal Pradesh,East
CUST02565,Vrishti Chokshi,Male,29,Junagadh,Madhya Pradesh,Central
CUST02566,Jagdish Dey,Male,26,Bhilai,Kerala,South
CUST02567,Benjamin Boase,Male,60,Moradabad,Nagaland,East
CUST02568,Joshua Char,Female,65,Kurnool,Arunachal Pradesh,East
CUST02569,Advaith Choudhury,Male,31,Bally,Jharkhand,East
CUST02570,Wridesh Kashyap,Male,43,Tadipatri,Punjab,North
CUST02571,Irya Khalsa,Male,24,Lucknow,Nagaland,East
CUST02572,Thomas Garg,Male,48,Kurnool,Nagaland,East
CUST02573,Naveen Chand,Male,19,Shivpuri,Bihar,East
CUST02574,Yatin Ray,Female,51,New Delhi,Manipur,East
CUST02575,Oscar Kannan,Male,24,Aligarh,Andhra Pradesh,South
CUST02576,Darika Saran,Female,57,Amroha,Gujarat,West
CUST02577,Harish Bumb,Male,23,Raiganj,Manipur,East
CUST02578,Leena Rai,Female,37,Hosur,Tripura,East
CUST02579,Samesh Swamy,Male,33,Loni,Karnataka,South
CUST02580,Ansh Tata,Female,46,Mango,Punjab,North
CUST02581,Kashish Dhawan,Male,26,Ghaziabad,Uttarakhand,North
CUST02582,Om Raval,Male,19,Bellary,Karnataka,South
CUST02583,Nidhi Mahal,Male,60,Ramagundam,Haryana,North
CUST02584,Upasna Bajwa,Female,38,Amritsar,Manipur,East
CUST02585,Lopa Pai,Female,47,Eluru,Andhra Pradesh,South
CUST02586,Rajata Sehgal,Female,53,Hubli–Dharwad,Maharashtra,West
CUST02587,Ijaya Karnik,Female,26,Ambarnath,Himachal Pradesh,North
CUST02588,Nakul Ganguly,Male,55,Bhimavaram,Rajasthan,North
CUST02589,Balhaar Raj,Female,58,Nashik,Tripura,East
CUST02590,Gautam Dutt,Female,51,Tadepalligudem,Tamil Nadu,South
CUST02591,Zashil Buch,Female,40,Bidhannagar,Chhattisgarh,Central
CUST02592,Lucky Sarin,Female,52,Gaya,Haryana,North
CUST02593,Devika Ganesan,Male,23,Ahmednagar,West Bengal,East
CUST02594,Charles Goda,Female,37,Motihari,Meghalaya,East
CUST02595,Oliver Keer,Female,44,Thiruvananthapuram,Punjab,North
CUST02596,Ekalinga Chaudhuri,Female,27,Mangalore,Nagaland,East
CUST02597,Turvi Pillay,Female,18,Jamnagar,Nagaland,East
CUST02598,Yatan Anand,Male,51,Tirunelveli,Tripura,East
CUST02599,Yochana Bail,Male,40,Singrauli,Chhattisgarh,Central
CUST02600,Chanakya Singh,Female,48,Mira-Bhayandar,Haryana,North
CUST02601,Arya Shere,Male,62,Malda,Goa,West
CUST02602,Yuvraj Edwin,Female,48,Jabalpur,Madhya Pradesh,Central
CUST02603,Aadi Mani,Female,18,Dehri,Uttar Pradesh,North
CUST02604,Megha Raval,Female,36,Saharsa,Kerala,South
CUST02605,Zayan Viswanathan,Male,18,Rourkela,Mizoram,East
CUST02606,Jonathan Bansal,Female,30,Srinagar,Punjab,North
CUST02607,Chanchal D’Alia,Female,53,Eluru,Madhya Pradesh,Central
CUST02608,Kashvi Bajwa,Female,43,Morbi,Gujarat,West
CUST02609,Tanveer Saran,Male,28,Hospet,West Bengal,East
CUST02610,Chasmum Randhawa,Female,42,Ajmer,Andhra Pradesh,South
CUST02611,Reva Krishnan,Male,34,Silchar,Manipur,East
CUST02612,Kamya Jayaraman,Male,45,Bikaner,Maharashtra,West
CUST02613,Yatan Dhingra,Male,51,Sagar,Kerala,South
CUST02614,Inaya Shroff,Female,36,Bhiwani,Assam,East
CUST02615,Isha Vala,Female,44,Thane,West Bengal,East
CUST02616,Ekansh Pandey,Male,22,Jammu,Jharkhand,East
CUST02617,Advay Chaudhuri,Male,26,Kishanganj,Himachal Pradesh,North
CUST02618,Aryan Upadhyay,Female,25,Saharsa,Kerala,South
CUST02619,Saumya Raval,Female,57,Pudukkottai,Manipur,East
CUST02620,Eta Mane,Female,35,Faridabad,Uttar Pradesh,North
CUST02621,Raksha Sura,Female,30,Kottayam,Arunachal Pradesh,East
CUST02622,Mitesh Purohit,Female,19,Gandhidham,Telangana,South
CUST02623,Maanas Dhar,Male,21,Tiruchirappalli,Punjab,North
CUST02624,Anya Ramesh,Male,29,Kalyan-Dombivli,Arunachal Pradesh,East
CUST02625,Advik Deol,Male,36,Gurgaon,Odisha,East
CUST02626,Omisha Doshi,Female,26,Motihari,Odisha,East
CUST02627,Shivansh Acharya,Female,64,Ujjain,West Bengal,East
CUST02628,Alka Subramanian,Male,32,Muzaffarnagar,Manipur,East
CUST02629,Wakeeta Comar,Male,27,Jaunpur,Uttar Pradesh,North
CUST02630,Kashish Singh,Male,49,Gangtok,Nagaland,East
CUST02631,Eta Vyas,Male,39,Giridih,Mizoram,East
CUST02632,Yatan Kara,Female,37,Raebareli,Meghalaya,East
CUST02633,Falguni Upadhyay,Female,41,Panchkula,Telangana,South
CUST02634,Charan Mital,Female,62,Aligarh,Uttarakhand,North
CUST02635,Udant Kanda,Male,39,Madhyamgram,Chhattisgarh,Central
CUST02636,Yashasvi Patil,Male,27,Silchar,Maharashtra,West
CUST02637,Chandani Bumb,Male,35,Ujjain,Punjab,North
CUST02638,Dominic Murthy,Female,22,Junagadh,Madhya Pradesh,Central
CUST02639,Mitesh Sachdeva,Female,29,Ludhiana,Karnataka,South
CUST02640,Jagat Morar,Male,34,Morbi,Meghalaya,East
CUST02641,Tanish Ravi,Female,18,Noida,Jharkhand,East
CUST02642,Nitesh Nayar,Male,63,Khora ,Karnataka,South
CUST02643,Fitan Chaudhuri,Male,42,Gwalior,Uttar Pradesh,North
CUST02644,Mason Zachariah,Female,33,Kumbakonam,Assam,East
CUST02645,Charan Agate,Male,30,Belgaum,Arunachal Pradesh,East
CUST02646,Bishakha Peri,Female,65,Aurangabad,Assam,East
CUST02647,Noah Mukherjee,Male,51,Salem,Arunachal Pradesh,East
CUST02648,Balveer Acharya,Male,48,Tirunelveli,Madhya Pradesh,Central
CUST02649,Hritik Loke,Female,61,Tadepalligudem,Uttarakhand,North
CUST02650,Bhavani Devi,Female,38,Surendranagar Dudhrej,Punjab,North
CUST02651,Nakul Varma,Male,58,Mehsana,Punjab,North
CUST02652,Bhanumati Balay,Male,65,Sonipat,Sikkim,East
CUST02653,Urvashi Sethi,Male,34,Danapur,Jharkhand,East
CUST02654,Nandini Sahota,Female,58,Tirupati,Sikkim,East
CUST02655,Shivansh Khosla,Female,30,Jalgaon,Tamil Nadu,South
CUST02656,Balhaar Buch,Female,21,Dharmavaram,Bihar,East
CUST02657,Hritik Sen,Male,25,Jalgaon,Telangana,South
CUST02658,Barkha Natarajan,Male,58,Adoni,Haryana,North
CUST02659,Radhika Rout,Female,38,Suryapet,Telangana,South
CUST02660,Shaurya Solanki,Male,28,Bharatpur,Goa,West
CUST02661,Rehaan Pai,Female,55,Dhanbad,Arunachal Pradesh,East
CUST02662,Lopa Grover,Male,43,Madhyamgram,Sikkim,East
CUST02663,Ekiya Sengupta,Male,18,Khammam,Telangana,South
CUST02664,Divya Gour,Male,55,Dehradun,Himachal Pradesh,North
CUST02665,Girik Sur,Female,62,Siliguri,Arunachal Pradesh,East
CUST02666,Wriddhish Varghese,Male,41,Alwar,Gujarat,West
CUST02667,Omisha Barad,Male,33,Karimnagar,Tamil Nadu,South
CUST02668,Kashish Nazareth,Male,49,Vasai-Virar,Meghalaya,East
CUST02669,Siddharth Divan,Male,61,Dibrugarh,Himachal Pradesh,North
CUST02670,Ronith Saran,Female,58,Malda,Telangana,South
CUST02671,Tanmayi Basu,Male,21,Thoothukudi,Andhra Pradesh,South
CUST02672,Dev Som,Female,59,Madhyamgram,Punjab,North
CUST02673,Divya Kapoor,Male,62,Bilaspur,Jharkhand,East
CUST02674,Veer Kumar,Male,26,Bilaspur,Andhra Pradesh,South
CUST02675,Banjeet Kapadia,Female,32,Mathura,Madhya Pradesh,Central
CUST02676,Qushi Batta,Female,53,Panipat,Nagaland,East
CUST02677,Amol Thaker,Female,46,Ghaziabad,Sikkim,East
CUST02678,Watika Kala,Male,19,Bhiwandi,West Bengal,East
CUST02679,Lopa Narasimhan,Female,40,Bongaigaon,Rajasthan,North
CUST02680,Akshay Sanghvi,Male,34,Ozhukarai,Rajasthan,North
CUST02681,Varsha Bail,Male,49,Bikaner,Telangana,South
CUST02682,Omkaar Master,Female,53,Vijayanagaram,Goa,West
CUST02683,Samar Gade,Female,52,Jalandhar,Tripura,East
CUST02684,Dayamai Biswas,Female,30,Bhatpara,West Bengal,East
CUST02685,Aarush Khatri,Male,52,Gopalpur,Goa,West
CUST02686,Siya Nazareth,Female,38,Orai,Tripura,East
CUST02687,Yasti Das,Female,35,Srikakulam,Himachal Pradesh,North
CUST02688,Ishani Chanda,Male,22,Belgaum,Madhya Pradesh,Central
CUST02689,Zashil Badami,Male,46,Rajkot,Goa,West
CUST02690,Hema Dyal,Female,34,Nangloi Jat,Tripura,East
CUST02691,Ayushman Oak,Female,47,Bhiwani,Bihar,East
CUST02692,Simon Ganesh,Male,58,Udupi,Rajasthan,North
CUST02693,Ekalinga Karan,Female,64,Proddatur,Tripura,East
CUST02694,Lila Nagy,Male,19,Davanagere,Arunachal Pradesh,East
CUST02695,Sneha Guha,Female,57,Aurangabad,Kerala,South
CUST02696,Kashish Nigam,Male,38,Chennai,Karnataka,South
CUST02697,Frederick Desai,Male,60,Hindupur,Mizoram,East
CUST02698,Laban Solanki,Female,30,Begusarai,Nagaland,East
CUST02699,Jagdish Bali,Female,53,Sambalpur,Jharkhand,East
CUST02700,Chaaya Barad,Male,57,Pimpri-Chinchwad,Jharkhand,East
CUST02701,Aarna Raghavan,Female,38,Parbhani,Karnataka,South
CUST02702,Falan Wali,Female,59,Aurangabad,Meghalaya,East
CUST02703,Charita Ray,Female,25,Indore,Jharkhand,East
CUST02704,Qasim Chander,Male,51,Loni,Punjab,North
CUST02705,Janani Comar,Male,20,Bilaspur,Tripura,East
CUST02706,Eesha Dasgupta,Male,29,Gangtok,Gujarat,West
CUST02707,Vincent Bawa,Male,30,Bijapur,Uttarakhand,North
CUST02708,Chameli Mishra,Male,49,Sambhal,Tripura,East
CUST02709,Devika Salvi,Male,24,Thoothukudi,Himachal Pradesh,North
CUST02710,Laksh Biswas,Male,54,Giridih,Andhra Pradesh,South
CUST02711,Vansha Basak,Female,60,Karimnagar,Madhya Pradesh,Central
CUST02712,Aishani Dutt,Female,51,Jodhpur,Karnataka,South
CUST02713,Qasim Chawla,Female,21,Nandyal,Gujarat,West
CUST02714,Omkaar Upadhyay,Female,32,Vellore,Andhra Pradesh,South
CUST02715,Raghav Tailor,Male,18,Allahabad,Maharashtra,West
CUST02716,Lipika Hans,Male,59,Hapur,Chhattisgarh,Central
CUST02717,Nisha Mani,Female,23,Kulti,Punjab,North
CUST02718,Osha Kumer,Female,58,Mumbai,Bihar,East
CUST02719,Rayaan Kulkarni,Male,41,Gangtok,Goa,West
CUST02720,Yuvraj Deo,Female,41,Ahmednagar,Haryana,North
CUST02721,Ekbal Rana,Male,57,Bellary,Himachal Pradesh,North
CUST02722,Aarnav Kade,Female,51,Kanpur,Maharashtra,West
CUST02723,Harita Jhaveri,Male,64,Asansol,Chhattisgarh,Central
CUST02724,Jyoti Nair,Male,37,Burhanpur,Sikkim,East
CUST02725,Sachi Jaggi,Male,31,Tiruppur,Madhya Pradesh,Central
CUST02726,Raghav Kibe,Male,24,Unnao,Himachal Pradesh,North
CUST02727,Chandran Krishnan,Male,52,Bhiwani,Manipur,East
CUST02728,Darsh Bhasin,Female,30,Loni,Jharkhand,East
CUST02729,Odika Choudhry,Male,51,Ajmer,Jharkhand,East
CUST02730,Peter Sandhu,Male,54,Bhalswa Jahangir Pur,Uttar Pradesh,North
CUST02731,Suhani Pall,Male,53,Rajahmundry,Manipur,East
CUST02732,Anya Sood,Female,65,Gopalpur,Goa,West
CUST02733,Thomas Sarma,Male,58,Pune,Tripura,East
CUST02734,Vedika Rajagopalan,Female,61,Suryapet,Mizoram,East
CUST02735,Imaran Loyal,Female,62,Nagaon,Himachal Pradesh,North
CUST02736,Anita Varty,Female,24,Sambhal,Andhra Pradesh,South
CUST02737,Hredhaan Khurana,Male,29,Nizamabad,Uttar Pradesh,North
CUST02738,Qadim Taneja,Female,50,Jalgaon,Andhra Pradesh,South
CUST02739,Oni Om,Female,60,Ongole,Gujarat,West
CUST02740,Ikbal Mohan,Male,52,Chandrapur,Tamil Nadu,South
CUST02741,Ryan Ratti,Female,40,Jalandhar,Madhya Pradesh,Central
CUST02742,Rohan Konda,Female,53,Ranchi,West Bengal,East
CUST02743,Ishanvi Sinha,Female,41,Katihar,Karnataka,South
CUST02744,Vedant Sankar,Female,58,Solapur,Bihar,East
CUST02745,Vihaan Roy,Female,64,Kurnool,Manipur,East
CUST02746,Elijah Chauhan,Female,56,Bhavnagar,Haryana,North
CUST02747,Tejas Prabhakar,Male,54,Vadodara,Himachal Pradesh,North
CUST02748,Nilima Dara,Male,42,Giridih,Manipur,East
CUST02749,Girik Oak,Female,41,Pudukkottai,Bihar,East
CUST02750,Zashil Yadav,Female,46,Varanasi,Meghalaya,East
CUST02751,Oliver Ahuja,Female,18,Thrissur,Uttar Pradesh,North
CUST02752,Ganga Chaudhry,Male,36,Ambala,Odisha,East
CUST02753,Arunima Acharya,Male,51,Karnal,Kerala,South
CUST02754,Nitesh Bala,Male,37,Aurangabad,Andhra Pradesh,South
CUST02755,Reyansh Gera,Male,37,Muzaffarpur,Telangana,South
CUST02756,Praneel Hayre,Male,31,Davanagere,Chhattisgarh,Central
CUST02757,Triveni Bhat,Female,19,Kamarhati,Punjab,North
CUST02758,Azad Dalal,Female,53,Ambarnath,Rajasthan,North
CUST02759,Rachana Dube,Male,24,Kozhikode,Meghalaya,East
CUST02760,Abhimanyu Garg,Male,47,Visakhapatnam,Nagaland,East
CUST02761,Osha Chopra,Female,27,Sangli-Miraj & Kupwad,Gujarat,West
CUST02762,Mitesh Sagar,Male,34,Raebareli,Haryana,North
CUST02763,Amaira Venkatesh,Female,55,Bidhannagar,Goa,West
CUST02764,Saumya Sandal,Male,32,Phagwara,Uttarakhand,North
CUST02765,Arya Mutti,Female,37,Medininagar,Gujarat,West
CUST02766,Rohan Ravi,Male,54,Gandhinagar,Tripura,East
CUST02767,Gavin D’Alia,Female,54,Meerut,Haryana,North
CUST02768,Varenya Rana,Male,64,Meerut,Mizoram,East
CUST02769,Vincent Date,Male,64,Dhanbad,Mizoram,East
CUST02770,Wyatt Yohannan,Female,48,Sonipat,Mizoram,East
CUST02771,Aashi Lal,Male,49,Jamalpur,Chhattisgarh,Central
CUST02772,Chaitanya Sane,Male,56,Tiruppur,Chhattisgarh,Central
CUST02773,Gaurav Vasa,Female,20,Mango,Assam,East
CUST02774,Faris Nagy,Female,23,Dehradun,Sikkim,East
CUST02775,Geetika Balan,Male,39,Hyderabad,Tripura,East
CUST02776,Arjun Balasubramanian,Female,45,North Dumdum,Goa,West
CUST02777,Fitan Gupta,Female,25,Navi Mumbai,Manipur,East
CUST02778,Dakshesh Bal,Male,65,Nagercoil,Karnataka,South
CUST02779,Ishwar Thaman,Male,58,Jalna,Himachal Pradesh,North
CUST02780,Frederick Divan,Female,21,Tumkur,Meghalaya,East
CUST02781,Matthew Gill,Female,51,Orai,Punjab,North
CUST02782,Dipta Raghavan,Male,38,Thane,Mizoram,East
CUST02783,Unni Bal,Male,38,Khora ,Arunachal Pradesh,East
CUST02784,Advika Korpal,Male,27,Hapur,Rajasthan,North
CUST02785,Gaurang Pathak,Male,61,Bettiah,Chhattisgarh,Central
CUST02786,Krishna Das,Female,46,Haridwar,Chhattisgarh,Central
CUST02787,Yasti Kari,Male,32,Uluberia,Sikkim,East
CUST02788,Jasmit Mukherjee,Female,36,Gangtok,Madhya Pradesh,Central
CUST02789,Balveer Singhal,Female,27,Vellore,Gujarat,West
CUST02790,Nirja Sharma,Male,39,Pune,Tripura,East
CUST02791,Jeremiah Bhattacharyya,Male,48,Agartala,Uttar Pradesh,North
CUST02792,Jason Ramanathan,Male,53,Dehri,Bihar,East
CUST02793,Advika Kuruvilla,Female,34,Motihari,Meghalaya,East
CUST02794,Yuvraj Varty,Male,43,Burhanpur,Tamil Nadu,South
CUST02795,Devansh Ratta,Female,62,Latur,Chhattisgarh,Central
CUST02796,Lohit Ratta,Male,26,Tirunelveli,Mizoram,East
CUST02797,Nikita Mishra,Female,53,Jaipur,Haryana,North
CUST02798,Kalpit Pillay,Male,49,Kakinada,Bihar,East
CUST02799,Zayan Butala,Female,59,Thane,Uttarakhand,North
CUST02800,Bishakha Ramakrishnan,Male,53,Raichur,Tripura,East
CUST02801,Bina Basak,Male,33,Sambhal,Uttar Pradesh,North
CUST02802,Jyoti Oak,Male,35,Durg,Gujarat,West
CUST02803,Frado Singhal,Female,38,Aizawl,Maharashtra,West
CUST02804,Bina Varghese,Male,25,Kamarhati,Telangana,South
CUST02805,Jyoti Khurana,Female,45,Bally,Karnataka,South
CUST02806,Udyati Bhatia,Female,40,Agra,Jharkhand,East
CUST02807,Bishakha Khare,Male,38,Thrissur,Gujarat,West
CUST02808,Rishi Vora,Female,56,Dharmavaram,Karnataka,South
CUST02809,Megha Kapadia,Male,37,Kota,Assam,East
CUST02810,Suhani Vora,Male,40,Amravati,Nagaland,East
CUST02811,Rushil Khosla,Female,57,Davanagere,Meghalaya,East
CUST02812,Krish Ravel,Male,46,Kamarhati,Arunachal Pradesh,East
CUST02813,Bakhshi Bose,Male,32,Pudukkottai,Tripura,East
CUST02814,Falak Ramachandran,Male,61,Surendranagar Dudhrej,Mizoram,East
CUST02815,Abhiram Anne,Female,27,Dhule,Uttarakhand,North
CUST02816,Ayushman Chhabra,Male,25,Vijayanagaram,Bihar,East
CUST02817,Agastya Konda,Male,33,Thoothukudi,Meghalaya,East
CUST02818,Aishani Mander,Male,36,Vijayanagaram,Andhra Pradesh,South
CUST02819,Manya Pillai,Male,39,Guntur,Arunachal Pradesh,East
CUST02820,Deepa Bobal,Male,37,Hajipur,Rajasthan,North
CUST02821,Ikbal Zacharia,Female,48,Kamarhati,Haryana,North
CUST02822,Vansha Oza,Male,39,Dharmavaram,Chhattisgarh,Central
CUST02823,Robert Garde,Male,65,Thrissur,Punjab,North
CUST02824,Ethan Khatri,Male,31,Panipat,Karnataka,South
CUST02825,Omya Bose,Female,53,Rohtak,Arunachal Pradesh,East
CUST02826,Kalpit Venkatesh,Female,57,Kalyan-Dombivli,Uttarakhand,North
CUST02827,Ansh Nazareth,Male,62,Kumbakonam,Madhya Pradesh,Central
CUST02828,Radhika Batra,Male,42,Bhiwandi,Telangana,South
CUST02829,Pooja Badami,Male,34,Nellore,West Bengal,East
CUST02830,Zinal Jani,Male,21,Pali,Madhya Pradesh,Central
CUST02831,Avi Raju,Female,30,Sirsa,Assam,East
CUST02832,Simon Chaudhry,Female,21,Bellary,Himachal Pradesh,North
CUST02833,Ishani Ben,Female,59,Danapur,Nagaland,East
CUST02834,Rajata Chopra,Male,22,Shivpuri,Maharashtra,West
CUST02835,Shivansh Vohra,Female,60,Ramagundam,Telangana,South
CUST02836,Jack Khurana,Female,60,Begusarai,Andhra Pradesh,South
CUST02837,Rishi Oommen,Female,24,Patiala,Meghalaya,East
CUST02838,Nikita Batra,Male,36,Muzaffarpur,Rajasthan,North
CUST02839,Jeet Bera,Female,32,Uluberia,Manipur,East
CUST02840,Champak Tripathi,Female,50,Buxar,Odisha,East
CUST02841,Bimala Mangal,Male,38,Pune,Tamil Nadu,South
CUST02842,Aadhya Gandhi,Female,56,Khora ,Tamil Nadu,South
CUST02843,Keya Minhas,Male,29,Hubli–Dharwad,Mizoram,East
CUST02844,Maanav Wason,Male,50,Adoni,Madhya Pradesh,Central
CUST02845,Manan Narayanan,Female,53,Durg,Andhra Pradesh,South
CUST02846,Robert Gill,Male,20,Moradabad,Goa,West
CUST02847,Chaitaly Dhaliwal,Male,51,Sambhal,Odisha,East
CUST02848,Nikita Bajaj,Female,39,Bhatpara,Madhya Pradesh,Central
CUST02849,Tanvi Sahni,Female,43,Mango,Goa,West
CUST02850,Dayamai Kari,Male,19,Anantapur,Sikkim,East
CUST02851,Yagnesh Venkatesh,Female,61,Kishanganj,Tripura,East
CUST02852,Bhavani Aggarwal,Female,40,Vellore,Sikkim,East
CUST02853,Lucky Saraf,Female,33,Ludhiana,Nagaland,East
CUST02854,Nidra Parmer,Female,21,Raebareli,Sikkim,East
CUST02855,Girik Raja,Female,42,Hapur,Maharashtra,West
CUST02856,Tarak Aurora,Male,53,Purnia,Bihar,East
CUST02857,Ranveer Wadhwa,Female,32,Aurangabad,Karnataka,South
CUST02858,Zayan Handa,Male,39,Silchar,Nagaland,East
CUST02859,Wridesh Mukhopadhyay,Female,60,Thane,West Bengal,East
CUST02860,Nitesh Sridhar,Male,23,Mumbai,Andhra Pradesh,South
CUST02861,Mahika Ramachandran,Female,51,Pimpri-Chinchwad,Bihar,East
CUST02862,Yahvi Jaggi,Male,44,Jodhpur,Sikkim,East
CUST02863,Gaurika Bal,Male,54,Amritsar,Madhya Pradesh,Central
CUST02864,Arya Buch,Male,45,Medininagar,Assam,East
CUST02865,Chatura Setty,Female,56,Belgaum,West Bengal,East
CUST02866,Saanvi Sabharwal,Female,46,Dhanbad,Telangana,South
CUST02867,Thomas Mammen,Male,31,Pune,Meghalaya,East
CUST02868,Saanvi Manda,Male,55,Ujjain,Arunachal Pradesh,East
CUST02869,Logan Rau,Male,26,Bikaner,Punjab,North
CUST02870,Hemangini Bahl,Female,62,Pallavaram,Telangana,South
CUST02871,Leena Batta,Male,45,Buxar,Tamil Nadu,South
CUST02872,Adya Bajaj,Male,59,Loni,Sikkim,East
CUST02873,Ekalinga Hayer,Male,38,Panihati,Manipur,East
CUST02874,Gaurav Deo,Male,53,Secunderabad,Tamil Nadu,South
CUST02875,Samaksh Pai,Male,29,Moradabad,Manipur,East
CUST02876,Ucchal Anne,Female,27,Dehradun,Sikkim,East
CUST02877,Farhan Gade,Male,38,Nadiad,Bihar,East
CUST02878,Pahal Khanna,Female,44,Mira-Bhayandar,Manipur,East
CUST02879,Hemani Puri,Female,46,Jhansi,Gujarat,West
CUST02880,Falan Minhas,Female,27,Bilaspur,Odisha,East
CUST02881,Om Naidu,Male,24,Ajmer,West Bengal,East
CUST02882,Chaitaly Uppal,Male,29,Bareilly,Maharashtra,West
CUST02883,Bhavani Bera,Male,57,Bidhannagar,Gujarat,West
CUST02884,Harsh Rao,Female,56,Deoghar,Bihar,East
CUST02885,Ubika Tata,Male,56,Gaya,Assam,East
CUST02886,Neel Chanda,Male,32,Giridih,Nagaland,East
CUST02887,Harsh Hari,Male,40,Kadapa,Maharashtra,West
CUST02888,Harini Swamy,Male,62,Muzaffarpur,Tripura,East
CUST02889,Vincent Zacharia,Female,26,Raipur,West Bengal,East
CUST02890,Eiravati Rege,Female,63,Sonipat,Haryana,North
CUST02891,Arin Tailor,Female,29,Sambhal,Sikkim,East
CUST02892,Sudiksha Sridhar,Female,49,Sambhal,West Bengal,East
CUST02893,Warinder Ravel,Female,26,Kanpur,Kerala,South
CUST02894,Krisha Zachariah,Male,30,Guwahati,Sikkim,East
CUST02895,Pranit Kapur,Male,20,Khammam,Sikkim,East
CUST02896,Gabriel Ramaswamy,Female,18,Kanpur,Tripura,East
CUST02897,Sara Cheema,Female,44,Machilipatnam,Odisha,East
CUST02898,Elijah Virk,Male,65,Srinagar,Odisha,East
CUST02899,Falak Rao,Male,31,Hindupur,Arunachal Pradesh,East
CUST02900,Wahab Sani,Male,29,Bongaigaon,West Bengal,East
CUST02901,Nathan Date,Female,57,Bathinda,Uttar Pradesh,North
CUST02902,Victor Sant,Female,62,Guna,Jharkhand,East
CUST02903,Chanchal Nazareth,Female,47,Guwahati,Jharkhand,East
CUST02904,Siya Tripathi,Male,45,Vadodara,Tamil Nadu,South
CUST02905,Gavin Parikh,Female,20,Noida,Nagaland,East
CUST02906,Sara Ramakrishnan,Female,64,Thiruvananthapuram,Nagaland,East
CUST02907,Atharv Seth,Female,43,Nadiad,Tripura,East
CUST02908,Devansh Shenoy,Male,51,Phagwara,Nagaland,East
CUST02909,Leena Doctor,Male,46,Dibrugarh,Meghalaya,East
CUST02910,Kai Nagarajan,Female,20,Kumbakonam,Telangana,South
CUST02911,Eesha Viswanathan,Male,51,Silchar,Rajasthan,North
CUST02912,Wazir Pillay,Female,65,Agartala,Andhra Pradesh,South
CUST02913,Madhavi Raj,Male,53,Sirsa,Odisha,East
CUST02914,Azaan Dash,Female,51,Parbhani,Nagaland,East
CUST02915,Hema Prasad,Male,30,Chandrapur,Goa,West
CUST02916,Triveni Ramesh,Female,46,Kolhapur,Kerala,South
CUST02917,Quincy Koshy,Female,37,Katihar,Telangana,South
CUST02918,Mahika Kapadia,Female,47,Bongaigaon,Odisha,East
CUST02919,Harini Ravel,Male,45,Bhilwara,Assam,East
CUST02920,Rachit Walia,Female,57,Karawal Nagar,Goa,West
CUST02921,Lopa Ganesh,Male,62,Sambhal,Odisha,East
CUST02922,Tristan Oza,Male,47,Kota,Haryana,North
CUST02923,Mahika Pingle,Female,23,Indore,Rajasthan,North
CUST02924,Zilmil Lall,Male,29,Karaikudi,Karnataka,South
CUST02925,Ekani Sura,Male,43,Bhilwara,Haryana,North
CUST02926,Rishi Mohan,Female,38,Anand,Uttarakhand,North
CUST02927,Isaiah Srivastava,Female,19,Dehradun,Arunachal Pradesh,East
CUST02928,Gauri Keer,Male,47,Agra,Assam,East
CUST02929,Shivansh Ramesh,Male,47,Hubli–Dharwad,Karnataka,South
CUST02930,Sudiksha Chokshi,Male,34,Khammam,Gujarat,West
CUST02931,Tarak Ghose,Female,62,Udupi,Gujarat,West
CUST02932,Vamakshi Vohra,Male,63,Patiala,Uttar Pradesh,North
CUST02933,Sara Nadig,Male,23,Pune,Punjab,North
CUST02934,Mason Chopra,Male,63,Chandigarh,Arunachal Pradesh,East
CUST02935,Peter Shan,Female,58,Tadepalligudem,Mizoram,East
CUST02936,Urvashi Bhasin,Female,23,Morena,Andhra Pradesh,South
CUST02937,Jalsa Dayal,Female,64,Kottayam,Mizoram,East
CUST02938,Neelima Gaba,Male,42,Bathinda,Nagaland,East
CUST02939,Omaja Bhardwaj,Female,20,Ballia,Mizoram,East
CUST02940,Shivani Yohannan,Male,39,Parbhani,Jharkhand,East
CUST02941,Lakshit Tailor,Male,28,Sasaram,Karnataka,South
CUST02942,Harinakshi Sami,Male,29,Ratlam,Uttar Pradesh,North
CUST02943,Pranav Thakkar,Male,44,Avadi,Punjab,North
CUST02944,Fitan Sangha,Female,37,Indore,Chhattisgarh,Central
CUST02945,Balveer Basak,Female,36,Aizawl,Kerala,South
CUST02946,Vincent Bora,Male,25,Mira-Bhayandar,Rajasthan,North
CUST02947,Eshana Nadig,Male,30,Dhule,Andhra Pradesh,South
CUST02948,Harini Srivastava,Male,57,Nagaon,Gujarat,West
CUST02949,Qabil Chaudhry,Female,18,Avadi,Jharkhand,East
CUST02950,Libni Swaminathan,Female,49,Panchkula,West Bengal,East
CUST02951,Pallavi Sen,Female,52,Jalna,Rajasthan,North
CUST02952,Mason Ahuja,Male,56,Ambarnath,West Bengal,East
CUST02953,Jyoti Mani,Female,33,Coimbatore,Mizoram,East
CUST02954,Oscar Cherian,Male,55,Jhansi,Uttarakhand,North
CUST02955,Jonathan Iyengar,Female,47,Chennai,Rajasthan,North
CUST02956,George Bhargava,Female,46,Bangalore,Assam,East
CUST02957,Ojasvi Lala,Male,56,Kozhikode,Gujarat,West
CUST02958,Hemani Bajwa,Male,33,Chittoor,Madhya Pradesh,Central
CUST02959,Tamanna Goel,Female,57,Etawah,Meghalaya,East
CUST02960,Ekani Lad,Male,21,Kishanganj,Rajasthan,North
CUST02961,Veda Deshmukh,Male,27,Bhatpara,West Bengal,East
CUST02962,Eshana Dhar,Male,59,Sasaram,Uttarakhand,North
CUST02963,Lavanya Khosla,Female,20,Katni,Arunachal Pradesh,East
CUST02964,Ria Dara,Male,20,Akola,Assam,East
CUST02965,Tanveer Issac,Female,39,Bellary,Odisha,East
CUST02966,Ayush Nanda,Male,21,Malegaon,Chhattisgarh,Central
CUST02967,Nisha Garg,Male,44,Purnia,Uttar Pradesh,North
CUST02968,Faqid Mitter,Male,28,Begusarai,Nagaland,East
CUST02969,Warjas Ganesan,Female,57,Bharatpur,Tamil Nadu,South
CUST02970,Samar Nagarajan,Male,47,Shimoga,Maharashtra,West
CUST02971,Vrinda Sheth,Female,20,Muzaffarnagar,Goa,West
CUST02972,Bimala Kota,Male,37,Aurangabad,Karnataka,South
CUST02973,Zehaan Tara,Female,41,Bokaro,Manipur,East
CUST02974,Aarnav Grover,Female,22,Gandhidham,Assam,East
CUST02975,Christopher Narula,Female,53,Kavali,Manipur,East
CUST02976,Isaiah Kala,Male,36,Khammam,Chhattisgarh,Central
CUST02977,Kalpit Dixit,Female,26,Navi Mumbai,Chhattisgarh,Central
CUST02978,Mekhala Bhagat,Male,62,Malegaon,Arunachal Pradesh,East
CUST02979,Alka Suresh,Female,39,Kadapa,Mizoram,East
CUST02980,Ikshita Kade,Female,51,Kottayam,Kerala,South
CUST02981,Warjas Warrior,Male,62,Ghaziabad,Uttar Pradesh,North
CUST02982,Saksham Badal,Male,57,Barasat,Haryana,North
CUST02983,Finn Nagi,Male,24,Jaunpur,Assam,East
CUST02984,Nicholas Kade,Male,48,Lucknow,Tripura,East
CUST02985,Oliver Pall,Female,45,Tiruchirappalli,Jharkhand,East
CUST02986,Vanya Malhotra,Female,34,Howrah,Punjab,North
CUST02987,Abdul Sagar,Female,26,Gwalior,Gujarat,West
CUST02988,Girik Contractor,Female,51,Sikar,Arunachal Pradesh,East
CUST02989,Max D’Alia,Female,49,Sangli-Miraj & Kupwad,Bihar,East
CUST02990,Nimrat Shukla,Male,57,Meerut,Bihar,East
CUST02991,Jack Chowdhury,Male,63,Sambhal,Bihar,East
CUST02992,Pratyush Barman,Female,30,Tadipatri,Telangana,South
CUST02993,Sanya Deshpande,Male,25,Dehri,Tripura,East
CUST02994,Yuvraj Hora,Male,47,Vadodara,Jharkhand,East
CUST02995,Raagini Rai,Male,65,Dhule,Nagaland,East
CUST02996,Praneel Shah,Male,57,Saharsa,Bihar,East
CUST02997,Baghyawati Goda,Female,44,Mysore,Jharkhand,East
CUST02998,Megha Vohra,Male,39,Naihati,West Bengal,East
CUST02999,Eta Desai,Female,53,Kavali,Jharkhand,East
CUST03000,Kabir Badal,Male,18,Ambarnath,Kerala,South
CUST03001,Dominic Agarwal,Male,62,Jehanabad,Punjab,North
CUST03002,Kabir Taneja,Female,34,Jalandhar,Haryana,North
CUST03003,Jagat Dhar,Male,37,Jhansi,Maharashtra,West
CUST03004,Eta Zacharia,Female,50,Munger,Jharkhand,East
CUST03005,Simon Bala,Female,18,Aurangabad,Telangana,South
CUST03006,Atharv Dhaliwal,Male,61,Meerut,Maharashtra,West
CUST03007,Janaki Edwin,Female,39,Ahmednagar,Nagaland,East
CUST03008,Arunima Bhasin,Female,64,Khora ,Punjab,North
CUST03009,Saanvi Chada,Male,29,Purnia,West Bengal,East
CUST03010,Nitara Kari,Male,39,Cuttack,West Bengal,East
CUST03011,Hredhaan Oommen,Female,61,Bhilwara,West Bengal,East
CUST03012,Abhimanyu Kapadia,Female,48,Patna,Haryana,North
CUST03013,Jeet Badal,Male,59,Machilipatnam,Meghalaya,East
CUST03014,Jyoti Sampath,Male,48,Amritsar,Kerala,South
CUST03015,Ijaya Prabhu,Male,58,Khandwa,Uttarakhand,North
CUST03016,Yatin Krishnamurthy,Female,52,Aligarh,Chhattisgarh,Central
CUST03017,Triya Saraf,Female,47,Bhubaneswar,Arunachal Pradesh,East
CUST03018,Jagat Varkey,Female,65,Agra,Gujarat,West
CUST03019,Nitara Karpe,Male,51,Hospet,Madhya Pradesh,Central
CUST03020,Gautam Suresh,Female,54,Bhusawal,Mizoram,East
CUST03021,Agastya Varughese,Female,53,Ambarnath,Manipur,East
CUST03022,Manbir Balasubramanian,Male,31,Tiruvottiyur,Tamil Nadu,South
CUST03023,Ubika Chad,Female,40,Danapur,Arunachal Pradesh,East
CUST03024,Sneha Chaudry,Male,27,Meerut,Manipur,East
CUST03025,Gaurangi Buch,Female,19,Tumkur,Kerala,South
CUST03026,Vyanjana Mital,Female,42,Rewa,Goa,West
CUST03027,Ronith Bakshi,Male,54,Buxar,Maharashtra,West
CUST03028,Ikshita Wali,Female,29,Amroha,Maharashtra,West
CUST03029,Zehaan Taneja,Male,37,Kurnool,Bihar,East
CUST03030,Gauri Issac,Female,63,Medininagar,Madhya Pradesh,Central
CUST03031,Ria Kumar,Male,35,Singrauli,Maharashtra,West
CUST03032,Farhan Pandit,Female,23,Loni,Haryana,North
CUST03033,Vaishnavi Bahl,Female,33,Howrah,Himachal Pradesh,North
CUST03034,Oeshi Sandal,Female,46,Bijapur,Karnataka,South
CUST03035,Ekansh Dada,Female,31,Amroha,Odisha,East
CUST03036,Unni Dash,Female,29,Agra,Andhra Pradesh,South
CUST03037,Warinder Bir,Male,41,Chapra,Andhra Pradesh,South
CUST03038,Zaid Bhatti,Male,30,Malegaon,Arunachal Pradesh,East
CUST03039,Yachana Barad,Male,46,Khora ,Uttarakhand,North
CUST03040,Megha Wadhwa,Male,48,Rajahmundry,Rajasthan,North
CUST03041,Rushil Sheth,Male,30,Jamshedpur,Uttarakhand,North
CUST03042,Lavanya Master,Female,48,Bulandshahr,Madhya Pradesh,Central
CUST03043,Manthan Kalita,Female,38,Baranagar,Arunachal Pradesh,East
CUST03044,Varsha Lata,Male,24,Muzaffarpur,Uttarakhand,North
CUST03045,Ekantika Sarkar,Male,31,Bhagalpur,Telangana,South
CUST03046,Ishaan Sehgal,Male,47,Jabalpur,Tamil Nadu,South
CUST03047,Noah Sankar,Female,63,Indore,Gujarat,West
CUST03048,Charan Varma,Male,18,Panvel,West Bengal,East
CUST03049,Hitesh Chakraborty,Female,20,Pimpri-Chinchwad,Uttarakhand,North
CUST03050,Ayaan Lad,Male,39,Bongaigaon,Uttar Pradesh,North
CUST03051,Wahab Pingle,Female,20,Siliguri,Bihar,East
CUST03052,Sai Bains,Male,51,Danapur,Andhra Pradesh,South
CUST03053,Mohini Lad,Female,19,Deoghar,Chhattisgarh,Central
CUST03054,Jai Seth,Female,58,Nagaon,Mizoram,East
CUST03055,Ria Tripathi,Male,38,Bahraich,Andhra Pradesh,South
CUST03056,David Bal,Male,30,Panvel,Arunachal Pradesh,East
CUST03057,Urvi Nagarajan,Female,35,Tiruchirappalli,Uttarakhand,North
CUST03058,Ranbir Rai,Female,46,Dewas,Punjab,North
CUST03059,Gavin Chad,Male,35,Sasaram,Meghalaya,East
CUST03060,Noah Sampath,Male,28,Madhyamgram,Telangana,South
CUST03061,Vansha Bedi,Female,25,Varanasi,Odisha,East
CUST03062,Veer Dalal,Male,57,Hubli–Dharwad,Uttar Pradesh,North
CUST03063,Isaiah Pant,Male,31,Varanasi,Meghalaya,East
CUST03064,Peter Sura,Female,53,Begusarai,Nagaland,East
CUST03065,Gauri Purohit,Female,35,Aligarh,Tripura,East
CUST03066,Mitali Gopal,Male,63,Ranchi,Punjab,North
CUST03067,Barkha Puri,Female,54,Bongaigaon,Haryana,North
CUST03068,Pushti Bal,Male,28,Bidhannagar,Mizoram,East
CUST03069,Max Bhattacharyya,Male,37,Hyderabad,Chhattisgarh,Central
CUST03070,Harsh Raju,Female,52,Kozhikode,Kerala,South
CUST03071,Niharika Maharaj,Female,21,Mumbai,Mizoram,East
CUST03072,Amaira Warrior,Male,19,Katihar,Tamil Nadu,South
CUST03073,Benjamin Sarin,Female,61,Rampur,Madhya Pradesh,Central
CUST03074,Matthew Vyas,Male,24,Madanapalle,Odisha,East
CUST03075,Pavani Bains,Female,21,Hubli–Dharwad,Jharkhand,East
CUST03076,Tanish Chowdhury,Male,45,Secunderabad,Sikkim,East
CUST03077,Samarth Reddy,Female,29,Muzaffarpur,Gujarat,West
CUST03078,Nikita Acharya,Female,57,Gaya,Haryana,North
CUST03079,Aachal Nagi,Female,37,Rewa,Karnataka,South
CUST03080,Noah Parsa,Female,30,Barasat,Meghalaya,East
CUST03081,Adweta Dash,Male,47,Haldia,Karnataka,South
CUST03082,Reyansh Mann,Male,23,Bhopal,Uttar Pradesh,North
CUST03083,Neelima Bhatnagar,Female,24,Karawal Nagar,Telangana,South
CUST03084,Zaitra Date,Female,37,Hindupur,Nagaland,East
CUST03085,Aarnav Rattan,Female,48,Suryapet,Chhattisgarh,Central
CUST03086,Anita Buch,Male,32,Gopalpur,Maharashtra,West
CUST03087,Upkaar Narain,Male,57,Singrauli,Rajasthan,North
CUST03088,Alka Sami,Female,41,Amaravati,Madhya Pradesh,Central
CUST03089,Devika Toor,Female,29,Tezpur,Jharkhand,East
CUST03090,Falak Oak,Female,38,Satara,Uttar Pradesh,North
CUST03091,Indrajit Dash,Female,49,Khora ,Sikkim,East
CUST03092,Dalbir Sridhar,Male,22,Shahjahanpur,Tamil Nadu,South
CUST03093,Chaitanya Panchal,Female,25,Madurai,Meghalaya,East
CUST03094,Pahal Bhatia,Female,48,Kavali,Nagaland,East
CUST03095,Sarthak Sama,Female,28,Kulti,Maharashtra,West
CUST03096,Harish Varma,Female,40,Khammam,Kerala,South
CUST03097,Ladli Sunder,Male,50,Dhanbad,Andhra Pradesh,South
CUST03098,Laban Misra,Male,43,Mangalore,Arunachal Pradesh,East
CUST03099,Krisha Prashad,Male,38,Proddatur,Punjab,North
CUST03100,Raagini Tank,Male,37,Dhanbad,Karnataka,South
CUST03101,Adweta Edwin,Female,43,Bijapur,Karnataka,South
CUST03102,Januja Suri,Female,33,Mau,Nagaland,East
CUST03103,Shravya Morar,Male,53,Korba,Gujarat,West
CUST03104,Pavani De,Male,48,Uluberia,Himachal Pradesh,North
CUST03105,Lakshmi De,Female,22,Gurgaon,Karnataka,South
CUST03106,Chatura Chopra,Female,31,Thanjavur,Punjab,North
CUST03107,Veer Bera,Female,45,Khandwa,Goa,West
CUST03108,Jagat Gill,Female,52,Durg,Goa,West
CUST03109,Priya Sridhar,Male,29,Bijapur,Madhya Pradesh,Central
CUST03110,Diya Bhavsar,Male,65,Bhopal,Bihar,East
CUST03111,Peter Mand,Female,25,Tiruchirappalli,Kerala,South
CUST03112,Zansi Rama,Female,38,Chennai,Tripura,East
CUST03113,Hritik Som,Male,46,Ongole,Tamil Nadu,South
CUST03114,Joshua Hayre,Male,37,Malegaon,Odisha,East
CUST03115,Sachi Arya,Female,22,Amroha,Chhattisgarh,Central
CUST03116,Adya Gala,Male,61,Aurangabad,Chhattisgarh,Central
CUST03117,Nitesh Bera,Female,38,Dehri,Himachal Pradesh,North
CUST03118,Varenya Oommen,Female,59,Chinsurah,Kerala,South
CUST03119,Chanakya Shenoy,Male,23,Gulbarga,Kerala,South
CUST03120,Yoshita Gill,Male,26,Warangal,Bihar,East
CUST03121,Yahvi Nair,Male,27,Mirzapur,Uttar Pradesh,North
CUST03122,Champak Balay,Male,46,Rohtak,Jharkhand,East
CUST03123,Bhavika Sibal,Female,42,Ulhasnagar,West Bengal,East
CUST03124,Faraj Choudhury,Female,30,Jammu,Chhattisgarh,Central
CUST03125,Bhavika Yogi,Male,61,Udupi,Telangana,South
CUST03126,Shravya Sarma,Female,37,Tiruppur,Haryana,North
CUST03127,Ojas Suri,Female,45,Ludhiana,Gujarat,West
CUST03128,Omkaar Bora,Female,23,Raichur,Tamil Nadu,South
CUST03129,Darsh Bhavsar,Male,57,Shahjahanpur,Uttarakhand,North
CUST03130,Aadhya Narasimhan,Female,26,Patna,Madhya Pradesh,Central
CUST03131,Ekta Thakur,Female,21,Shimoga,Punjab,North
CUST03132,Ganga Karpe,Female,53,Ahmedabad,Arunachal Pradesh,East
CUST03133,Yutika Biswas,Male,18,Gandhidham,Meghalaya,East
CUST03134,Yoshita Bhavsar,Female,25,Hapur,Goa,West
CUST03135,Aachal Kumar,Female,19,Bhilwara,Himachal Pradesh,North
CUST03136,Chatresh Wali,Male,45,Deoghar,Kerala,South
CUST03137,Vaishnavi Kalla,Female,58,Suryapet,Bihar,East
CUST03138,Ekani Khosla,Female,63,Siliguri,Nagaland,East
CUST03139,Yadavi Vala,Female,43,Siwan,Telangana,South
CUST03140,Pavani Wable,Female,45,Khora ,Arunachal Pradesh,East
CUST03141,Divya Srivastava,Male,60,Nangloi Jat,Bihar,East
CUST03142,Shivani Devan,Male,48,Gandhinagar,Haryana,North
CUST03143,Gaurav Zachariah,Male,30,Nizamabad,Goa,West
CUST03144,Kevin Jani,Female,41,Guntakal,Manipur,East
CUST03145,Warinder Khanna,Female,27,Saharanpur,Bihar,East
CUST03146,Ayushman Ramanathan,Female,60,Tezpur,Gujarat,West
CUST03147,Zansi Varma,Male,26,Gangtok,Nagaland,East
CUST03148,Oliver Dhingra,Male,22,Varanasi,Uttarakhand,North
CUST03149,Alexander Goyal,Male,27,Akola,Andhra Pradesh,South
CUST03150,Dev Vig,Female,60,Surendranagar Dudhrej,Maharashtra,West
CUST03151,Ishwar Bath,Female,26,Danapur,Uttarakhand,North
CUST03152,Libni Dara,Male,26,Motihari,Assam,East
CUST03153,Ranbir Pradhan,Female,47,Tiruchirappalli,Jharkhand,East
CUST03154,Wahab Mann,Female,57,Latur,Rajasthan,North
CUST03155,Yashvi Batta,Male,47,Bally,Maharashtra,West
CUST03156,Robert Murty,Female,53,Alappuzha,West Bengal,East
CUST03157,Guneet Banerjee,Female,42,Davanagere,Telangana,South
CUST03158,Tanvi Raval,Female,32,Delhi,Kerala,South
CUST03159,Forum Raghavan,Male,45,Aurangabad,Karnataka,South
CUST03160,Chakradhar Sarin,Male,54,Pali,Maharashtra,West
CUST03161,George Borah,Female,64,Singrauli,Kerala,South
CUST03162,Gabriel Chana,Male,63,Ichalkaranji,Andhra Pradesh,South
CUST03163,Ekiya Chaudhry,Female,44,Srikakulam,Uttarakhand,North
CUST03164,Upasna Barman,Female,20,Arrah,Tripura,East
CUST03165,Qushi Saini,Male,54,Durg,Nagaland,East
CUST03166,Krishna Warrior,Female,63,Kozhikode,Madhya Pradesh,Central
CUST03167,Alexander Wable,Female,25,Panvel,Maharashtra,West
CUST03168,Urmi Wadhwa,Female,62,Srikakulam,Assam,East
CUST03169,Azaan Prabhakar,Male,27,Bokaro,Kerala,South
CUST03170,Faras Sha,Female,47,Lucknow,Tamil Nadu,South
CUST03171,Jonathan Bains,Male,51,Mira-Bhayandar,Maharashtra,West
CUST03172,Suhani Vig,Male,33,Nadiad,Andhra Pradesh,South
CUST03173,Farhan Ahluwalia,Female,58,Kolhapur,Assam,East
CUST03174,Jalsa Nayak,Male,61,Kochi,Manipur,East
CUST03175,Tanmayi Mannan,Female,57,Durgapur,Meghalaya,East
CUST03176,Lekha Goyal,Male,39,Jalandhar,Nagaland,East
CUST03177,Avni Chanda,Male,48,Durgapur,Maharashtra,West
CUST03178,Peter Gaba,Female,50,Madanapalle,Meghalaya,East
CUST03179,Yauvani Borde,Female,54,Meerut,Uttar Pradesh,North
CUST03180,Jeevika Lata,Female,44,Vasai-Virar,Uttarakhand,North
CUST03181,Chaaya Pradhan,Female,36,Ranchi,Karnataka,South
CUST03182,Yashasvi Date,Female,28,Gangtok,Chhattisgarh,Central
CUST03183,Jeevika Taneja,Male,62,Ramgarh,Andhra Pradesh,South
CUST03184,Dev Rastogi,Female,64,Tiruvottiyur,Maharashtra,West
CUST03185,Chatresh Sharaf,Female,21,Rajpur Sonarpur,Uttarakhand,North
CUST03186,Arya Singhal,Female,55,Ambala,Goa,West
CUST03187,Ati Ahluwalia,Male,54,Hubli–Dharwad,Meghalaya,East
CUST03188,Naveen Lala,Male,60,New Delhi,Assam,East
CUST03189,Oni Bora,Female,65,Hosur,Uttar Pradesh,North
CUST03190,Abeer Subramaniam,Male,36,Allahabad,Uttar Pradesh,North
CUST03191,Daniel Chand,Female,23,Ramgarh,Kerala,South
CUST03192,Pranav Sheth,Male,50,Chandigarh,Karnataka,South
CUST03193,Prisha Buch,Male,35,Mirzapur,Haryana,North
CUST03194,Chatresh Deshpande,Female,26,Varanasi,Arunachal Pradesh,East
CUST03195,Ekavir Sani,Female,35,Kanpur,Andhra Pradesh,South
CUST03196,Aahana Chadha,Female,18,Kishanganj,Tamil Nadu,South
CUST03197,Chaaya Karan,Male,56,Tezpur,Mizoram,East
CUST03198,Odika Kala,Male,55,Hapur,Chhattisgarh,Central
CUST03199,Arya Sodhi,Male,60,Haridwar,Uttarakhand,North
CUST03200,Yutika Dhaliwal,Female,41,Panihati,Uttar Pradesh,North
CUST03201,Fitan Kala,Male,34,Vadodara,Himachal Pradesh,North
CUST03202,Chakradev Dube,Male,49,Kishanganj,Sikkim,East
CUST03203,Tristan Goswami,Male,51,Bhind,Jharkhand,East
CUST03204,Jagvi Sarma,Male,39,Loni,Tripura,East
CUST03205,Geetika Doshi,Male,27,Bettiah,Arunachal Pradesh,East
CUST03206,Anjali Saran,Male,49,Haldia,Manipur,East
CUST03207,Theodore Krishnamurthy,Female,42,Hosur,Mizoram,East
CUST03208,Chavvi Goel,Male,60,Ambattur,Madhya Pradesh,Central
CUST03209,Nidra Devi,Female,64,Bathinda,Karnataka,South
CUST03210,Sanaya Sawhney,Male,31,Dhanbad,Madhya Pradesh,Central
CUST03211,Saumya Nayak,Female,21,Vijayawada,Kerala,South
CUST03212,Nathaniel Jha,Female,25,Bangalore,Punjab,North
CUST03213,Gauri Nair,Male,28,Kalyan-Dombivli,Meghalaya,East
CUST03214,Ayaan Chaudry,Female,43,Salem,Assam,East
CUST03215,Turvi Tripathi,Female,37,Bareilly,Punjab,North
CUST03216,Lucky Narasimhan,Female,65,Raiganj,Sikkim,East
CUST03217,Chatura Goel,Male,42,Nagpur,Madhya Pradesh,Central
CUST03218,Vivaan Murty,Female,48,Gwalior,Sikkim,East
CUST03219,Aadi Butala,Female,27,South Dumdum,Manipur,East
CUST03220,Ishanvi Bhargava,Female,18,Sangli-Miraj & Kupwad,West Bengal,East
CUST03221,Chandresh Brar,Female,46,Bhubaneswar,Karnataka,South
CUST03222,Qadim Palan,Female,61,Gandhidham,Rajasthan,North
CUST03223,Azad Sarma,Female,51,Varanasi,Uttarakhand,North
CUST03224,Harish Savant,Male,24,Bikaner,Manipur,East
CUST03225,Irya Pau,Female,45,Ahmednagar,Sikkim,East
CUST03226,Chanakya Andra,Female,39,Tumkur,Sikkim,East
CUST03227,Daksha Arora,Female,35,Adoni,Bihar,East
CUST03228,Arunima Pall,Male,34,Patna,Gujarat,West
CUST03229,Chakradev Toor,Female,47,Rajkot,Assam,East
CUST03230,Girindra Kant,Male,64,Tadepalligudem,Punjab,North
CUST03231,Jagrati Pal,Male,51,Dindigul,Sikkim,East
CUST03232,Manan Bath,Female,61,Munger,Assam,East
CUST03233,Daniel Reddy,Male,38,Jehanabad,Odisha,East
CUST03234,Anirudh Rao,Male,61,Motihari,Arunachal Pradesh,East
CUST03235,Lila Sarna,Male,22,Firozabad,Arunachal Pradesh,East
CUST03236,Varenya Tella,Male,44,Cuttack,Tamil Nadu,South
CUST03237,Rishi Mani,Male,51,Amaravati,Tamil Nadu,South
CUST03238,Umang Bail,Male,61,Singrauli,Meghalaya,East
CUST03239,Krishna Dugar,Female,40,Khammam,Andhra Pradesh,South
CUST03240,Naveen Pall,Male,64,Srinagar,Meghalaya,East
CUST03241,Ladli Munshi,Female,34,Bikaner,Madhya Pradesh,Central
CUST03242,Bhavika Cherian,Male,20,Siwan,Himachal Pradesh,North
CUST03243,Darsh Grover,Male,57,Muzaffarnagar,Uttar Pradesh,North
CUST03244,Darika Narayanan,Male,21,Coimbatore,Andhra Pradesh,South
CUST03245,Balveer Sama,Male,56,Raurkela Industrial Township,Haryana,North
CUST03246,Odika Uppal,Male,63,Latur,Andhra Pradesh,South
CUST03247,Jackson Chakrabarti,Male,23,Singrauli,Manipur,East
CUST03248,Laban Ahuja,Male,42,Thanjavur,Manipur,East
CUST03249,Shravya Naik,Male,25,Chandigarh,Goa,West
CUST03250,Devika Ganesh,Male,34,Ranchi,Haryana,North
CUST03251,Oni Gola,Female,47,Ajmer,Manipur,East
CUST03252,Irya Verma,Male,58,Solapur,Himachal Pradesh,North
CUST03253,Ubika Bakshi,Female,35,Mumbai,Manipur,East
CUST03254,Gavin Padmanabhan,Female,62,Kamarhati,Tamil Nadu,South
CUST03255,Pratyush Gulati,Female,34,Gulbarga,Bihar,East
CUST03256,Ekansh Pandit,Male,22,Nagaon,Odisha,East
CUST03257,Aayush Pau,Female,21,Raebareli,Bihar,East
CUST03258,Yahvi Sarkar,Female,42,Jorhat,Kerala,South
CUST03259,Finn Munshi,Female,21,Nandyal,Goa,West
CUST03260,Lakshmi Varughese,Female,34,Dhanbad,Tripura,East
CUST03261,Warjas Srinivas,Male,46,Jabalpur,Nagaland,East
CUST03262,Mohammed Trivedi,Male,49,Malegaon,Uttar Pradesh,North
CUST03263,Garima Mukhopadhyay,Male,57,Jalandhar,Mizoram,East
CUST03264,Om Sood,Female,29,Mumbai,Arunachal Pradesh,East
CUST03265,Tanay Menon,Female,24,Berhampur,Chhattisgarh,Central
CUST03266,Daniel Krishnan,Male,52,Alwar,Himachal Pradesh,North
CUST03267,Arya Kakar,Female,31,Loni,Telangana,South
CUST03268,Dominic Sama,Male,46,Gangtok,Punjab,North
CUST03269,Advaith Date,Female,24,Warangal,Arunachal Pradesh,East
CUST03270,Chandresh Malhotra,Male,22,Muzaffarnagar,West Bengal,East
CUST03271,Kalpit Sarna,Male,54,Secunderabad,West Bengal,East
CUST03272,Harshil Kohli,Female,46,Jammu,Arunachal Pradesh,East
CUST03273,Yahvi Chander,Male,49,Thanjavur,Arunachal Pradesh,East
CUST03274,Zehaan Randhawa,Male,59,Delhi,Sikkim,East
CUST03275,Hemangini Kashyap,Male,20,Sirsa,Manipur,East
CUST03276,Mitali Char,Female,35,Mira-Bhayandar,Tripura,East
CUST03277,Arin Edwin,Male,62,Vijayanagaram,Sikkim,East
CUST03278,Upasna Misra,Female,43,Narasaraopet,Arunachal Pradesh,East
CUST03279,Tejas Dar,Male,50,Firozabad,Haryana,North
CUST03280,Ekalinga Ram,Female,48,Ujjain,Chhattisgarh,Central
CUST03281,Samaksh Dani,Female,43,Morbi,Andhra Pradesh,South
CUST03282,Jeevika Ravi,Male,52,Erode,Uttarakhand,North
CUST03283,Triveni Baria,Male,18,Muzaffarpur,Tamil Nadu,South
CUST03284,Michael Chad,Female,62,Mirzapur,Kerala,South
CUST03285,Chavvi Mangat,Female,25,Dewas,Rajasthan,North
CUST03286,Ridhi Sankar,Female,39,Thiruvananthapuram,Sikkim,East
CUST03287,Ranbir Kar,Female,43,Hapur,Andhra Pradesh,South
CUST03288,Krisha Ganesh,Male,58,Jhansi,Chhattisgarh,Central
CUST03289,Lekha Desai,Male,41,Kochi,Assam,East
CUST03290,Manan Kumer,Female,23,Bulandshahr,Sikkim,East
CUST03291,Hemal Nagi,Female,36,Saharanpur,Bihar,East
CUST03292,Waida Chaudhari,Male,29,Siliguri,Rajasthan,North
CUST03293,Deepa Chad,Male,42,Firozabad,Haryana,North
CUST03294,Hamsini Khatri,Male,37,Ichalkaranji,Manipur,East
CUST03295,Jasmit Bhandari,Female,24,Katihar,Haryana,North
CUST03296,Yatan Lad,Female,49,Visakhapatnam,Uttar Pradesh,North
CUST03297,Faras Brar,Male,58,Dehri,Meghalaya,East
CUST03298,Ayaan Prakash,Female,65,Uluberia,West Bengal,East
CUST03299,Madhavi Luthra,Male,26,Bathinda,Uttar Pradesh,North
CUST03300,Neelima Loyal,Male,30,Kollam,Kerala,South
CUST03301,Rajeshri Prabhakar,Male,64,Gopalpur,Madhya Pradesh,Central
CUST03302,Yadavi Raja,Male,49,Chinsurah,Gujarat,West
CUST03303,Jonathan Brar,Female,22,Tiruvottiyur,Jharkhand,East
CUST03304,Anthony Wason,Female,49,Chapra,Karnataka,South
CUST03305,Yashoda Chahal,Female,19,Udaipur,Tripura,East
CUST03306,Luke Naidu,Male,39,Ramgarh,Madhya Pradesh,Central
CUST03307,Chasmum Sekhon,Male,39,Gorakhpur,West Bengal,East
CUST03308,Agastya Setty,Male,43,Bhavnagar,Haryana,North
CUST03309,Jagat Lata,Male,31,Kharagpur,Bihar,East
CUST03310,Charles Lanka,Female,61,Shahjahanpur,Uttar Pradesh,North
CUST03311,Ojasvi Dada,Male,65,Ratlam,Jharkhand,East
CUST03312,Daksh Sethi,Male,22,Muzaffarnagar,Sikkim,East
CUST03313,Upkaar Chawla,Male,65,Ludhiana,Nagaland,East
CUST03314,Warhi Wali,Male,49,Rourkela,Chhattisgarh,Central
CUST03315,Fariq Pillay,Male,48,Tiruchirappalli,Nagaland,East
CUST03316,Eesha Dugar,Male,33,Mirzapur,Uttarakhand,North
CUST03317,Patrick Sant,Male,18,Rampur,Himachal Pradesh,North
CUST03318,Chanakya Chowdhury,Male,58,Jammu,Rajasthan,North
CUST03319,Aryan Wadhwa,Male,37,Mau,Telangana,South
CUST03320,Tristan Saxena,Male,47,Bidhannagar,Chhattisgarh,Central
CUST03321,Mugdha Naik,Male,55,Maheshtala,Gujarat,West
CUST03322,Aarush Choudhury,Male,24,Ghaziabad,Rajasthan,North
CUST03323,Ishanvi Dua,Male,49,Jorhat,Assam,East
CUST03324,Jhalak Nanda,Male,22,Vadodara,Andhra Pradesh,South
CUST03325,Veda Gokhale,Male,45,Amritsar,Jharkhand,East
CUST03326,Ekaja Sheth,Female,65,Jamshedpur,Maharashtra,West
CUST03327,Charvi Karan,Female,38,Bellary,Tripura,East
CUST03328,Gabriel Talwar,Male,61,Visakhapatnam,Gujarat,West
CUST03329,Rudra Radhakrishnan,Male,38,Etawah,Tamil Nadu,South
CUST03330,Zarna Raman,Male,20,Indore,Punjab,North
CUST03331,Vedhika Koshy,Male,39,Warangal,Telangana,South
CUST03332,Indira Kala,Male,25,Siliguri,Goa,West
CUST03333,Saanvi Karan,Female,27,Nagaon,Punjab,North
CUST03334,Aarav Mani,Female,28,Bhalswa Jahangir Pur,Tamil Nadu,South
CUST03335,Irya Kar,Female,53,Ambattur,Maharashtra,West
CUST03336,Gagan Tripathi,Male,46,Visakhapatnam,Meghalaya,East
CUST03337,Gavin Bawa,Male,55,Ranchi,Mizoram,East
CUST03338,Lopa Tank,Male,26,Dibrugarh,Uttar Pradesh,North
CUST03339,Ryan Raj,Male,58,Navi Mumbai,Andhra Pradesh,South
CUST03340,Jeet Dugal,Female,28,Salem,Kerala,South
CUST03341,Qadim Chakraborty,Male,49,Raebareli,Tamil Nadu,South
CUST03342,Aarna Rau,Male,18,Kollam,Karnataka,South
CUST03343,Adweta Deep,Male,29,Bhagalpur,Gujarat,West
CUST03344,Lucky Edwin,Male,63,Aligarh,Tripura,East
CUST03345,Zehaan Dube,Female,44,Karaikudi,Sikkim,East
CUST03346,Qarin Gokhale,Female,62,Machilipatnam,Arunachal Pradesh,East
CUST03347,Qadim Nazareth,Male,31,Serampore,Rajasthan,North
CUST03348,Lopa Kibe,Male,58,Sambalpur,Assam,East
CUST03349,Christopher Magar,Female,51,Pallavaram,Himachal Pradesh,North
CUST03350,Warinder Ahuja,Female,44,Satna,Haryana,North
CUST03351,Jairaj Naik,Male,29,Ahmedabad,Sikkim,East
CUST03352,Thomas Rajan,Male,56,Rewa,Sikkim,East
CUST03353,Yashoda Mangat,Male,63,Berhampur,Odisha,East
CUST03354,Jasmit Raju,Female,57,Satara,Telangana,South
CUST03355,Vamakshi Bath,Male,58,Imphal,Himachal Pradesh,North
CUST03356,Owen Bhavsar,Female,40,Chandigarh,Maharashtra,West
CUST03357,Ekbal Brahmbhatt,Female,18,Ozhukarai,Maharashtra,West
CUST03358,Anay Chand,Male,30,Guntakal,Gujarat,West
CUST03359,Shravya Taneja,Male,51,Udaipur,Arunachal Pradesh,East
CUST03360,Aadi Devan,Male,57,Nizamabad,Goa,West
CUST03361,Nathan Aurora,Female,52,Mehsana,Bihar,East
CUST03362,Gaurav Doctor,Male,47,Srinagar,Gujarat,West
CUST03363,Qushi Raval,Male,35,Katihar,Odisha,East
CUST03364,Nidra Bansal,Male,30,Thrissur,Assam,East
CUST03365,Pooja Swaminathan,Male,27,Ahmednagar,Assam,East
CUST03366,Kevin Sarma,Female,49,Bhopal,Manipur,East
CUST03367,Vaishnavi Salvi,Male,28,Patiala,Uttarakhand,North
CUST03368,Dayamai Jain,Male,21,Madanapalle,Assam,East
CUST03369,Falguni More,Female,36,Ludhiana,Mizoram,East
CUST03370,Qabil Kaul,Male,45,Ulhasnagar,Arunachal Pradesh,East
CUST03371,Jai Biswas,Female,39,Nagpur,Tripura,East
CUST03372,Vedika Radhakrishnan,Female,20,Ichalkaranji,Odisha,East
CUST03373,Bhanumati Srinivasan,Male,65,Dhanbad,Andhra Pradesh,South
CUST03374,Osha Shetty,Male,52,Farrukhabad,Jharkhand,East
CUST03375,Watika Rattan,Male,28,Chapra,Manipur,East
CUST03376,Dayamai Chakraborty,Male,49,Panihati,Madhya Pradesh,Central
CUST03377,Pooja Bandi,Male,22,Bathinda,Arunachal Pradesh,East
CUST03378,Niharika Konda,Male,64,Satna,Tamil Nadu,South
CUST03379,Upma Issac,Female,55,Giridih,Telangana,South
CUST03380,Anita Sandhu,Female,44,Madhyamgram,Manipur,East
CUST03381,Imaran Parmar,Male,65,Jehanabad,Tamil Nadu,South
CUST03382,Udant Nagi,Female,32,Dhanbad,Tamil Nadu,South
CUST03383,Unnati Anand,Male,38,Arrah,Kerala,South
CUST03384,Neel Wadhwa,Male,24,Surendranagar Dudhrej,Maharashtra,West
CUST03385,Pooja Mistry,Male,65,Vijayawada,West Bengal,East
CUST03386,Bimala Vohra,Female,30,Pudukkottai,Madhya Pradesh,Central
CUST03387,Baghyawati Sachdev,Female,32,Shahjahanpur,Jharkhand,East
CUST03388,Adweta Master,Male,48,Aizawl,Tamil Nadu,South
CUST03389,Elijah Mody,Female,21,Tenali,Odisha,East
CUST03390,Xavier Kuruvilla,Female,27,Adoni,Manipur,East
CUST03391,Upkaar Madan,Male,57,Bilaspur,Andhra Pradesh,South
CUST03392,Madhav Kapur,Female,29,Guntakal,Karnataka,South
CUST03393,Kabir Sood,Female,41,Ramgarh,Sikkim,East
CUST03394,Harish Krish,Male,47,Vasai-Virar,Andhra Pradesh,South
CUST03395,Kai Bhat,Male,58,Raipur,West Bengal,East
CUST03396,Caleb Srinivas,Female,35,Barasat,West Bengal,East
CUST03397,Reyansh Mangat,Male,39,Uluberia,Karnataka,South
CUST03398,Kevin Dass,Male,20,Sambalpur,Andhra Pradesh,South
CUST03399,Chasmum Mall,Male,35,Avadi,Madhya Pradesh,Central
CUST03400,Manbir Kapoor,Male,25,Bhopal,Chhattisgarh,Central
CUST03401,Hredhaan Deshpande,Female,47,Kurnool,Telangana,South
CUST03402,Gauri Ramaswamy,Female,28,Dehri,Tamil Nadu,South
CUST03403,Ranveer Narayanan,Female,32,Chittoor,Andhra Pradesh,South
CUST03404,Farhan Kamdar,Female,56,Bhilwara,Tamil Nadu,South
CUST03405,Chanchal Gulati,Male,58,Khammam,Madhya Pradesh,Central
CUST03406,Timothy Chad,Male,54,Rajahmundry,Nagaland,East
CUST03407,Chanakya Jayaraman,Male,23,South Dumdum,Gujarat,West
CUST03408,Nakul Deshmukh,Female,51,Kulti,Gujarat,West
CUST03409,Tanvi Master,Female,31,Bilaspur,Maharashtra,West
CUST03410,Hritik Bahl,Female,47,Ahmednagar,Sikkim,East
CUST03411,Ojasvi Thaman,Female,18,Panvel,Uttarakhand,North
CUST03412,Bachittar Murthy,Female,65,Jehanabad,West Bengal,East
CUST03413,Lakshmi Bedi,Male,33,Hubli–Dharwad,Rajasthan,North
CUST03414,Raksha Mangal,Female,45,Kirari Suleman Nagar,Himachal Pradesh,North
CUST03415,Baljiwan Mittal,Male,55,Imphal,Arunachal Pradesh,East
CUST03416,Vedant Yadav,Male,54,Nashik,Goa,West
CUST03417,Avni Sami,Male,44,Sonipat,Goa,West
CUST03418,Gayathri Dutta,Male,20,Kollam,Chhattisgarh,Central
CUST03419,Vivaan Andra,Female,64,Pune,Chhattisgarh,Central
CUST03420,Nandini Chokshi,Male,45,Kurnool,Andhra Pradesh,South
CUST03421,Anthony Kanda,Female,48,Nizamabad,Maharashtra,West
CUST03422,Ridhi Bir,Male,46,Haldia,Uttar Pradesh,North
CUST03423,Janya Anne,Female,33,Purnia,Chhattisgarh,Central
CUST03424,Idika Murty,Male,53,Howrah,Goa,West
CUST03425,Kamala Kade,Male,62,Vijayawada,Goa,West
CUST03426,Aarna Sura,Female,31,Noida,Andhra Pradesh,South
CUST03427,Anika Deep,Male,40,Warangal,Nagaland,East
CUST03428,Tara Bir,Female,33,Mysore,Manipur,East
CUST03429,Nihal Deo,Male,19,Faridabad,Kerala,South
CUST03430,Reva Sachdev,Female,60,Bongaigaon,Manipur,East
CUST03431,Vamakshi Tandon,Female,28,Bhilwara,Maharashtra,West
CUST03432,Qadim Lalla,Female,54,Kharagpur,Kerala,South
CUST03433,Ridhi Dube,Male,47,Siliguri,Karnataka,South
CUST03434,Pranit Dugal,Female,26,Khora ,Arunachal Pradesh,East
CUST03435,Lekha Ramesh,Female,29,Rohtak,Mizoram,East
CUST03436,Yug Sunder,Female,58,Maheshtala,Manipur,East
CUST03437,Quincy Chaudhry,Female,63,Guwahati,Assam,East
CUST03438,Jagdish Wali,Male,58,Anand,Arunachal Pradesh,East
CUST03439,Hiral Sagar,Male,42,Srinagar,Manipur,East
CUST03440,Vedhika Manne,Female,51,Kamarhati,Punjab,North
CUST03441,Indira Chawla,Male,36,Raichur,Goa,West
CUST03442,Imaran Tak,Female,35,Malegaon,Goa,West
CUST03443,Waida Rama,Male,61,Kulti,Haryana,North
CUST03444,Qabil Gade,Male,57,Karimnagar,West Bengal,East
CUST03445,Mason Dhawan,Female,65,Gandhinagar,Goa,West
CUST03446,Ekani Lad,Male,50,Nellore,Gujarat,West
CUST03447,Rohan Jain,Female,21,Durg,Jharkhand,East
CUST03448,Andrew Mody,Male,42,Danapur,Punjab,North
CUST03449,Advik Madan,Female,47,Jaipur,Uttar Pradesh,North
CUST03450,Advaith Prasad,Male,41,Guna,Sikkim,East
CUST03451,Ekbal Munshi,Female,29,Sultan Pur Majra,Meghalaya,East
CUST03452,Qabil Ranganathan,Male,53,Bhagalpur,Goa,West
CUST03453,Oeshi Kaul,Male,26,Udaipur,Manipur,East
CUST03454,Urvi Nagar,Female,33,Kozhikode,Kerala,South
CUST03455,Anay Sahota,Male,59,Silchar,Kerala,South
CUST03456,Lucky Desai,Female,65,Arrah,Odisha,East
CUST03457,Matthew Mangal,Male,65,Madurai,Karnataka,South
CUST03458,Tejas Basak,Male,38,Gudivada,Karnataka,South
CUST03459,Neelima Kaul,Female,35,Sambalpur,Manipur,East
CUST03460,Nilima Gera,Female,35,Bokaro,Arunachal Pradesh,East
CUST03461,Krishna Borra,Male,22,Rampur,Punjab,North
CUST03462,Harinakshi Chatterjee,Female,40,Kurnool,Telangana,South
CUST03463,Udant Yohannan,Female,49,Varanasi,Himachal Pradesh,North
CUST03464,Naksh Bhatt,Male,48,Belgaum,West Bengal,East
CUST03465,Girindra Ghose,Female,46,Serampore,Telangana,South
CUST03466,Yasti Chowdhury,Female,61,Siwan,Chhattisgarh,Central
CUST03467,Omisha Wason,Male,30,Rewa,Jharkhand,East
CUST03468,Hemang Choudhary,Female,23,Firozabad,Nagaland,East
CUST03469,Lopa More,Male,43,Guntur,Uttarakhand,North
CUST03470,Brijesh Rama,Male,36,Jehanabad,Mizoram,East
CUST03471,Riya Vohra,Male,24,Sambalpur,Uttarakhand,North
CUST03472,Falak Rama,Male,35,Ichalkaranji,West Bengal,East
CUST03473,Deepa Dani,Male,62,Bikaner,Gujarat,West
CUST03474,Pranit Choudhury,Male,49,Junagadh,Uttar Pradesh,North
CUST03475,Praneel Borde,Male,31,South Dumdum,Andhra Pradesh,South
CUST03476,Devansh Bath,Male,36,Ujjain,Punjab,North
CUST03477,Teerth Chowdhury,Female,61,Shivpuri,Mizoram,East
CUST03478,Gautam Sinha,Male,48,Jamnagar,Uttarakhand,North
CUST03479,Arunima Vyas,Female,44,Nanded,Mizoram,East
CUST03480,Indrajit Bahri,Female,65,Muzaffarnagar,Maharashtra,West
CUST03481,Nimrat Bail,Male,36,Delhi,Arunachal Pradesh,East
CUST03482,Ijaya Hegde,Male,22,Panvel,Karnataka,South
CUST03483,Meghana Gulati,Male,32,Delhi,Karnataka,South
CUST03484,Eta Gola,Female,44,Sambalpur,Mizoram,East
CUST03485,Aarav Pant,Female,59,Erode,Uttarakhand,North
CUST03486,David Bhasin,Female,49,Sikar,Nagaland,East
CUST03487,Nihal Shankar,Female,47,Latur,West Bengal,East
CUST03488,Peter Jhaveri,Female,54,Kurnool,Gujarat,West
CUST03489,Nikita Chacko,Male,37,Raipur,Rajasthan,North
CUST03490,Peter Rao,Male,34,Vasai-Virar,Haryana,North
CUST03491,Dalaja Chopra,Male,48,Aurangabad,Gujarat,West
CUST03492,Yashasvi Dugar,Female,36,Kamarhati,Tamil Nadu,South
CUST03493,Hardik Zachariah,Male,27,Karnal,Goa,West
CUST03494,Dev Wadhwa,Female,36,Anantapur,Tamil Nadu,South
CUST03495,Nidra Subramaniam,Female,28,Kharagpur,Bihar,East
CUST03496,Pahal Prabhakar,Male,63,Chennai,Rajasthan,North
CUST03497,Amaira Kota,Female,29,Warangal,Manipur,East
CUST03498,Nimrat Dada,Male,63,Ambala,Tamil Nadu,South
CUST03499,Indira Saini,Male,28,Hosur,Tamil Nadu,South
CUST03500,Inaya Tank,Male,25,Pune,Tamil Nadu,South
CUST03501,Mahika Puri,Male,38,Silchar,Nagaland,East
CUST03502,Onkar Pandya,Male,46,Durgapur,Karnataka,South
CUST03503,Samarth Morar,Female,41,Tiruvottiyur,Karnataka,South
CUST03504,Anjali Saran,Male,31,Raiganj,Telangana,South
CUST03505,Laban Bajaj,Male,60,Agartala,Rajasthan,North
CUST03506,Luke Sabharwal,Female,40,Gudivada,Jharkhand,East
CUST03507,Raksha Randhawa,Male,41,Lucknow,Nagaland,East
CUST03508,Tanvi Mohanty,Female,52,Rohtak,Nagaland,East
CUST03509,Bhavani Ravi,Male,52,Aurangabad,Mizoram,East
CUST03510,Yamini Mittal,Female,25,Bulandshahr,Manipur,East
CUST03511,Bhavya Shanker,Male,43,Tiruppur,Madhya Pradesh,Central
CUST03512,Lajita Master,Female,27,Bilaspur,Jharkhand,East
CUST03513,Advaith Ganesan,Female,38,Hyderabad,Karnataka,South
CUST03514,Jagat Balay,Male,18,Silchar,Chhattisgarh,Central
CUST03515,Balveer Ranganathan,Female,59,Ramagundam,Nagaland,East
CUST03516,Andrew Gola,Female,48,Deoghar,Uttarakhand,North
CUST03517,Jagrati Venkatesh,Female,54,Korba,Andhra Pradesh,South
CUST03518,Benjamin Narayan,Male,54,Farrukhabad,Sikkim,East
CUST03519,Urvi Lala,Female,39,Begusarai,Kerala,South
CUST03520,Warjas Atwal,Male,64,Amroha,Uttar Pradesh,North
CUST03521,Agastya Batta,Female,20,Rajpur Sonarpur,Arunachal Pradesh,East
CUST03522,Madhavi Rau,Male,61,Guntakal,West Bengal,East
CUST03523,Samar Badal,Male,37,Munger,Jharkhand,East
CUST03524,Advika Handa,Male,43,Hosur,Sikkim,East
CUST03525,Rachana Sen,Male,46,Ambala,Tripura,East
CUST03526,Anirudh Dani,Female,23,Nanded,Maharashtra,West
CUST03527,Azaan Chowdhury,Female,21,Purnia,Kerala,South
CUST03528,Champak Kashyap,Male,55,Sagar,Jharkhand,East
CUST03529,Karan Bassi,Male,35,Karawal Nagar,Himachal Pradesh,North
CUST03530,Pahal Rattan,Male,19,Dehradun,Jharkhand,East
CUST03531,Krishna Dhar,Male,52,Bhiwandi,Karnataka,South
CUST03532,Rajata Sridhar,Female,61,Satna,Maharashtra,West
CUST03533,Qarin Golla,Male,50,Narasaraopet,Andhra Pradesh,South
CUST03534,Warinder Kale,Female,30,Gandhidham,Uttar Pradesh,North
CUST03535,Aarna Tara,Female,38,Nangloi Jat,Madhya Pradesh,Central
CUST03536,Bhavya Nanda,Male,60,Kavali,Haryana,North
CUST03537,Eta Garde,Female,43,Ahmednagar,Nagaland,East
CUST03538,Dhriti Ahuja,Male,63,Jodhpur,Chhattisgarh,Central
CUST03539,Gauri Pall,Female,41,Kota,Goa,West
CUST03540,Aarush Krish,Female,41,Warangal,Sikkim,East
CUST03541,Gavin Bir,Male,36,Patiala,Tripura,East
CUST03542,Ubika Talwar,Female,40,Khandwa,Tripura,East
CUST03543,Yatin Pal,Female,46,Pondicherry,Nagaland,East
CUST03544,Onveer Golla,Male,31,Tirunelveli,Sikkim,East
CUST03545,Logan Munshi,Female,65,Machilipatnam,Bihar,East
CUST03546,Vrinda Pillay,Female,46,Sultan Pur Majra,Assam,East
CUST03547,Gayathri Ben,Female,28,Mirzapur,Jharkhand,East
CUST03548,Aarna Sem,Female,64,Aizawl,Himachal Pradesh,North
CUST03549,Victor Pau,Female,26,Raurkela Industrial Township,Tripura,East
CUST03550,Chameli Sarma,Male,27,Gorakhpur,Uttarakhand,North
CUST03551,Jagat Parekh,Male,37,Aurangabad,Manipur,East
CUST03552,Abha Mann,Female,51,Vadodara,Karnataka,South
CUST03553,Vrinda Uppal,Female,22,Korba,Gujarat,West
CUST03554,Teerth Sama,Female,23,Coimbatore,Tamil Nadu,South
CUST03555,Wriddhish Verma,Male,44,Purnia,Arunachal Pradesh,East
CUST03556,Yashawini Warrior,Female,44,Proddatur,Assam,East
CUST03557,Owen Srinivasan,Male,53,Thiruvananthapuram,Andhra Pradesh,South
CUST03558,Radhika Gour,Female,63,Rajkot,Karnataka,South
CUST03559,Jason Saxena,Male,30,Alappuzha,Karnataka,South
CUST03560,Falak Kara,Male,42,Anand,Arunachal Pradesh,East
CUST03561,Yauvani Chhabra,Female,53,Khandwa,Sikkim,East
CUST03562,Raghav Master,Female,20,Eluru,Meghalaya,East
CUST03563,Varenya Savant,Female,55,Ujjain,Odisha,East
CUST03564,Dhruv Mukherjee,Female,49,Bhagalpur,Uttarakhand,North
CUST03565,Laban Kurian,Female,32,Chinsurah,Himachal Pradesh,North
CUST03566,Charles Balakrishnan,Male,18,Gorakhpur,Arunachal Pradesh,East
CUST03567,Varsha Kari,Male,34,Katihar,Haryana,North
CUST03568,Nihal Chandran,Female,58,Panvel,Punjab,North
CUST03569,Bina Mani,Female,25,Durg,Madhya Pradesh,Central
CUST03570,Yoshita Varughese,Female,44,Udupi,Tripura,East
CUST03571,Kamala Sarma,Male,49,Kishanganj,Kerala,South
CUST03572,Falguni Pall,Male,19,Kadapa,Telangana,South
CUST03573,Charan Gola,Male,35,Madurai,Manipur,East
CUST03574,Ethan Devan,Female,22,Dehri,Nagaland,East
CUST03575,Siya Bumb,Female,55,Kanpur,Karnataka,South
CUST03576,Adweta Narasimhan,Female,54,Shimoga,Uttar Pradesh,North
CUST03577,Pavani Taneja,Female,34,Nagaon,Madhya Pradesh,Central
CUST03578,Fitan Gopal,Female,62,Ludhiana,Gujarat,West
CUST03579,Radha Yadav,Male,41,Jodhpur,Odisha,East
CUST03580,Vyanjana Yohannan,Male,34,Panipat,Karnataka,South
CUST03581,Arin Ganesan,Male,55,Raiganj,Manipur,East
CUST03582,Kamala Mutti,Male,27,Karaikudi,West Bengal,East
CUST03583,Pallavi Johal,Female,47,Dindigul,Assam,East
CUST03584,Yamini Yohannan,Male,40,Madhyamgram,Telangana,South
CUST03585,Eiravati Hayer,Male,21,Tenali,Andhra Pradesh,South
CUST03586,Jairaj Khosla,Female,41,Hyderabad,Haryana,North
CUST03587,Urvi Mohanty,Female,58,Satna,Kerala,South
CUST03588,Yagnesh Sandhu,Female,21,Chapra,Arunachal Pradesh,East
CUST03589,Harrison Thakkar,Female,36,Kalyan-Dombivli,Jharkhand,East
CUST03590,Darsh Deshmukh,Male,50,Rajpur Sonarpur,Tamil Nadu,South
CUST03591,Samuel Rattan,Male,58,Tiruvottiyur,Tamil Nadu,South
CUST03592,Samesh Raghavan,Male,24,Kolhapur,Manipur,East
CUST03593,Teerth Palla,Male,52,Tezpur,Haryana,North
CUST03594,Ira Khurana,Female,38,Chennai,Rajasthan,North
CUST03595,Ekanta Sani,Female,35,Ambarnath,Rajasthan,North
CUST03596,Shravya Koshy,Female,24,Thanjavur,West Bengal,East
CUST03597,Keya Khatri,Female,27,Tezpur,Goa,West
CUST03598,Idika D’Alia,Male,26,Nadiad,Jharkhand,East
CUST03599,Maya Basak,Female,41,Danapur,Haryana,North
CUST03600,Vedika Gopal,Female,44,Bhopal,West Bengal,East
CUST03601,Oviya Radhakrishnan,Female,28,Kolkata,Karnataka,South
CUST03602,Chakrika Goel,Male,31,Burhanpur,Uttar Pradesh,North
CUST03603,Aahana Biswas,Male,50,Solapur,Arunachal Pradesh,East
CUST03604,Triya Naik,Male,30,Thanjavur,Nagaland,East
CUST03605,Nimrat Lanka,Male,44,Dindigul,Bihar,East
CUST03606,Ranbir Agarwal,Female,22,Pallavaram,Gujarat,West
CUST03607,Aishani Dhar,Male,26,Gurgaon,Gujarat,West
CUST03608,Krish Upadhyay,Male,48,Firozabad,Rajasthan,North
CUST03609,Anika Setty,Female,37,Dehri,Tripura,East
CUST03610,Edhitha Kakar,Female,26,Ramgarh,Maharashtra,West
CUST03611,Omya Tandon,Female,56,Bhilwara,Tamil Nadu,South
CUST03612,Oscar Ghose,Female,29,Srikakulam,Mizoram,East
CUST03613,Anamika Nagarajan,Female,19,Gorakhpur,West Bengal,East
CUST03614,Falguni Yogi,Male,32,Bhavnagar,West Bengal,East
CUST03615,Jatin Setty,Male,62,Thiruvananthapuram,Andhra Pradesh,South
CUST03616,Jagdish Cherian,Male,62,Gopalpur,Tripura,East
CUST03617,Samaksh Mody,Male,37,Gudivada,Mizoram,East
CUST03618,Yashica Tak,Male,31,Motihari,Meghalaya,East
CUST03619,Jagrati Vala,Male,23,Muzaffarpur,Gujarat,West
CUST03620,Bhanumati Soman,Female,62,Kanpur,Uttarakhand,North
CUST03621,Girindra Kaul,Male,22,Mahbubnagar,Andhra Pradesh,South
CUST03622,Ikshita Hans,Male,48,Lucknow,Goa,West
CUST03623,Meghana Deol,Female,20,Bilaspur,Uttar Pradesh,North
CUST03624,Balveer Lala,Male,24,Tirunelveli,West Bengal,East
CUST03625,Frederick Banerjee,Male,60,Hospet,Manipur,East
CUST03626,Abhimanyu Loyal,Male,48,Amritsar,Andhra Pradesh,South
CUST03627,Warda Magar,Male,34,Buxar,Gujarat,West
CUST03628,Anika Prabhu,Male,22,Suryapet,Rajasthan,North
CUST03629,Daniel Subramanian,Female,60,Navi Mumbai,Rajasthan,North
CUST03630,Maanas Malhotra,Male,24,Bhopal,Odisha,East
CUST03631,Matthew Ramakrishnan,Male,56,Ramgarh,Maharashtra,West
CUST03632,Qadim Goel,Male,55,Vijayawada,Meghalaya,East
CUST03633,Maanas Goyal,Male,29,Kanpur,Himachal Pradesh,North
CUST03634,Orinder Saini,Female,19,Moradabad,Nagaland,East
CUST03635,Balendra Hans,Male,27,Eluru,Mizoram,East
CUST03636,Hardik Raj,Female,55,Dhanbad,Meghalaya,East
CUST03637,Manthan Rastogi,Female,40,Gulbarga,Arunachal Pradesh,East
CUST03638,Bakhshi Balay,Male,50,Patiala,Madhya Pradesh,Central
CUST03639,Krishna Boase,Male,50,Thiruvananthapuram,Maharashtra,West
CUST03640,Advaith Nori,Male,24,Fatehpur,Punjab,North
CUST03641,Ayushman Bhasin,Male,51,Shimla,Haryana,North
CUST03642,Gauri Arora,Male,63,Surendranagar Dudhrej,Gujarat,West
CUST03643,Gaurav Gupta,Male,36,Bidhannagar,Goa,West
CUST03644,Girik Chopra,Male,52,Panvel,Uttarakhand,North
CUST03645,Benjamin Upadhyay,Male,64,Aurangabad,Rajasthan,North
CUST03646,Warhi Dhar,Male,31,Jamshedpur,Andhra Pradesh,South
CUST03647,Diya Mammen,Female,41,Gorakhpur,Meghalaya,East
CUST03648,Oliver Biswas,Male,46,Chennai,Manipur,East
CUST03649,Damini Konda,Male,29,Meerut,Chhattisgarh,Central
CUST03650,Charvi Memon,Female,42,Udaipur,Kerala,South
CUST03651,Girik Ranganathan,Female,31,Asansol,Karnataka,South
CUST03652,Tanish Madan,Male,44,Ajmer,Telangana,South
CUST03653,Anita Mody,Male,38,Bhalswa Jahangir Pur,Goa,West
CUST03654,Arin Joshi,Male,47,Bidar,Rajasthan,North
CUST03655,Diya Chandra,Male,51,Bikaner,Meghalaya,East
CUST03656,Farhan Shroff,Male,49,Proddatur,Andhra Pradesh,South
CUST03657,Anamika Pai,Female,63,Bhimavaram,Nagaland,East
CUST03658,Isaac Raja,Female,53,Mira-Bhayandar,Bihar,East
CUST03659,Indrajit Nagarajan,Male,23,Tirunelveli,Uttar Pradesh,North
CUST03660,Nidhi Mangal,Female,49,Rohtak,Meghalaya,East
CUST03661,Yoshita Sama,Male,42,Kakinada,Manipur,East
CUST03662,Daniel Andra,Female,47,Bijapur,Manipur,East
CUST03663,Arjun Vaidya,Female,61,Bahraich,Uttarakhand,North
CUST03664,Imaran Bali,Female,32,Jalna,Punjab,North
CUST03665,Frederick Sarkar,Female,36,Varanasi,Arunachal Pradesh,East
CUST03666,Saksham Ramaswamy,Female,30,Davanagere,Uttar Pradesh,North
CUST03667,Victor Mallick,Male,48,Sasaram,Maharashtra,West
CUST03668,Saumya Baral,Female,29,Kochi,Haryana,North
CUST03669,Eiravati Mahal,Male,61,Gaya,Chhattisgarh,Central
CUST03670,Om Bhatti,Female,61,Kollam,Telangana,South
CUST03671,Manbir Atwal,Male,43,Ozhukarai,Andhra Pradesh,South
CUST03672,Tejas Agate,Female,51,Jaipur,Andhra Pradesh,South
CUST03673,Yuvraj Manne,Male,25,Malda,Haryana,North
CUST03674,Aayush Aggarwal,Male,43,Bhilai,Himachal Pradesh,North
CUST03675,Nidra Agate,Female,62,Adoni,West Bengal,East
CUST03676,Leena Doshi,Male,65,Kolhapur,Sikkim,East
CUST03677,Saksham Shan,Male,22,Tadipatri,Arunachal Pradesh,East
CUST03678,Aditya Nayar,Female,30,Tinsukia,Uttarakhand,North
CUST03679,Pavani Srinivasan,Female,30,Munger,Haryana,North
CUST03680,Chandresh Bajaj,Female,25,Muzaffarnagar,Haryana,North
CUST03681,Jagat Chatterjee,Male,45,Amroha,Assam,East
CUST03682,Frederick Nadkarni,Female,35,Mahbubnagar,Nagaland,East
CUST03683,Aashi Narayan,Female,59,Chapra,Uttar Pradesh,North
CUST03684,Mason Badami,Female,40,Bhilwara,Uttar Pradesh,North
CUST03685,Ekapad Patil,Female,60,North Dumdum,Tripura,East
CUST03686,Arunima Sachar,Female,49,Ludhiana,Manipur,East
CUST03687,Keya Krishna,Female,27,Amaravati,Tamil Nadu,South
CUST03688,Nidhi Sankaran,Female,24,Siliguri,Tamil Nadu,South
CUST03689,Girish Bhardwaj,Male,34,Shimoga,Rajasthan,North
CUST03690,Liam Zacharia,Female,49,Guna,Chhattisgarh,Central
CUST03691,Tristan Varghese,Male,58,Kavali,Tripura,East
CUST03692,Aarav Dixit,Male,19,Ajmer,Arunachal Pradesh,East
CUST03693,Xiti Boase,Male,65,Firozabad,Tamil Nadu,South
CUST03694,Laban Sibal,Male,22,Secunderabad,Rajasthan,North
CUST03695,Nisha Muni,Female,61,Korba,Kerala,South
CUST03696,Anay Anand,Male,29,Chandigarh,Goa,West
CUST03697,Liam Narula,Female,56,Jamalpur,Bihar,East
CUST03698,Ekaraj Goda,Female,27,Sri Ganganagar,Odisha,East
CUST03699,Bhavini Rao,Female,57,Patna,Arunachal Pradesh,East
CUST03700,Oscar Kanda,Male,22,Bilaspur,Maharashtra,West
CUST03701,Arjun Bhagat,Female,47,Warangal,Nagaland,East
CUST03702,Luke Shanker,Male,36,Ludhiana,Assam,East
CUST03703,Sai Datta,Female,49,Coimbatore,Kerala,South
CUST03704,Jeremiah Balan,Female,52,Katihar,Tamil Nadu,South
CUST03705,Advay Tank,Female,52,Raebareli,Tripura,East
CUST03706,Udarsh Kuruvilla,Male,20,Eluru,Telangana,South
CUST03707,Dalaja Goel,Female,25,Gandhidham,Maharashtra,West
CUST03708,Charita Rajagopal,Female,46,Aligarh,Punjab,North
CUST03709,Gaurangi Khalsa,Female,42,Ambarnath,Meghalaya,East
CUST03710,Dayamai Swamy,Female,47,Rampur,Haryana,North
CUST03711,Oviya Chacko,Male,20,Alappuzha,Nagaland,East
CUST03712,Nihal Nadkarni,Male,53,Cuttack,Uttarakhand,North
CUST03713,Qadim Ramesh,Female,63,Delhi,Mizoram,East
CUST03714,Omya Ram,Male,49,Silchar,Chhattisgarh,Central
CUST03715,Anya Bose,Female,26,Alappuzha,West Bengal,East
CUST03716,Yashvi Madan,Female,63,Bhalswa Jahangir Pur,Manipur,East
CUST03717,Nathaniel Bhasin,Female,49,Mirzapur,Andhra Pradesh,South
CUST03718,Nitara Chopra,Male,54,Orai,Odisha,East
CUST03719,Charvi Dhingra,Female,60,Noida,Karnataka,South
CUST03720,Shaurya Mohanty,Female,48,Aizawl,Telangana,South
CUST03721,Kritika Dua,Male,50,Saharanpur,Assam,East
CUST03722,Rachita Krishnan,Male,43,Ujjain,Kerala,South
CUST03723,Orinder Badal,Female,49,Bally,Uttar Pradesh,North
CUST03724,Gaurang Dasgupta,Female,57,Pudukkottai,Meghalaya,East
CUST03725,Faris Wali,Female,36,Madhyamgram,Haryana,North
CUST03726,Pushti Kaur,Female,21,Kamarhati,Karnataka,South
CUST03727,Xiti Thakkar,Male,55,Amritsar,Mizoram,East
CUST03728,Oni Yadav,Male,26,Machilipatnam,Madhya Pradesh,Central
CUST03729,Andrew Palan,Female,40,Salem,Arunachal Pradesh,East
CUST03730,Gavin Dyal,Male,58,Bijapur,Gujarat,West
CUST03731,Fitan Grewal,Female,42,Ludhiana,Bihar,East
CUST03732,Charan Mukhopadhyay,Male,45,Kolkata,Uttarakhand,North
CUST03733,Watika Dhar,Female,40,Dibrugarh,Madhya Pradesh,Central
CUST03734,Dalbir Jain,Female,40,Ghaziabad,Tamil Nadu,South
CUST03735,Henry Sekhon,Male,60,Jodhpur,Assam,East
CUST03736,Bachittar Arya,Male,33,Bihar Sharif,Meghalaya,East
CUST03737,Wridesh Chhabra,Male,59,Navi Mumbai,Odisha,East
CUST03738,Oeshi Bath,Female,55,Munger,Chhattisgarh,Central
CUST03739,Charan Tripathi,Male,62,Navi Mumbai,Odisha,East
CUST03740,Unnati Viswanathan,Male,37,Bharatpur,Andhra Pradesh,South
CUST03741,Faraj Jha,Male,39,Mau,Haryana,North
CUST03742,Noah Dar,Male,19,Chittoor,Goa,West
CUST03743,Aarush Sinha,Female,20,Bhind,Punjab,North
CUST03744,Utkarsh Sidhu,Female,60,Vijayanagaram,Bihar,East
CUST03745,Ayaan Vala,Female,54,Tadepalligudem,Meghalaya,East
CUST03746,Kai Jain,Female,35,Chandrapur,Meghalaya,East
CUST03747,Jai Wason,Male,62,Shivpuri,Karnataka,South
CUST03748,Banjeet Sem,Female,55,Karaikudi,West Bengal,East
CUST03749,Abhimanyu Gopal,Male,38,Motihari,Andhra Pradesh,South
CUST03750,Indira Shroff,Female,54,Kanpur,Goa,West
CUST03751,Chaaya Hari,Female,38,Kakinada,Madhya Pradesh,Central
CUST03752,Nicholas Dara,Male,49,Bhimavaram,Arunachal Pradesh,East
CUST03753,Lavanya Pandey,Male,62,Rampur,Madhya Pradesh,Central
CUST03754,Anmol Ramachandran,Male,39,Raurkela Industrial Township,Assam,East
CUST03755,Jagat Korpal,Female,50,Ajmer,Assam,East
CUST03756,Christopher D’Alia,Female,28,Bihar Sharif,Uttarakhand,North
CUST03757,Lipika Bora,Female,41,Nangloi Jat,Andhra Pradesh,South
CUST03758,Rudra Patla,Female,30,Nagaon,Tripura,East
CUST03759,Naksh Manda,Female,58,Gorakhpur,Punjab,North
CUST03760,Laksh Mani,Male,52,Ambala,Assam,East
CUST03761,Arjun Anne,Male,36,Aligarh,Telangana,South
CUST03762,Falan Aurora,Female,21,Berhampur,Arunachal Pradesh,East
CUST03763,Harrison Pillay,Female,54,Burhanpur,Meghalaya,East
CUST03764,Lipika Mannan,Female,32,Sambalpur,Haryana,North
CUST03765,Viraj Mukherjee,Male,63,Tiruchirappalli,Andhra Pradesh,South
CUST03766,Anay Dani,Male,55,Panchkula,Maharashtra,West
CUST03767,Nachiket Swaminathan,Female,35,Bhilai,Karnataka,South
CUST03768,Yatin Nazareth,Male,54,Bhubaneswar,Chhattisgarh,Central
CUST03769,Saumya Tailor,Female,45,Navi Mumbai,Chhattisgarh,Central
CUST03770,Kashish Tank,Male,40,Mau,Kerala,South
CUST03771,Mohammed Puri,Male,59,Khora ,Manipur,East
CUST03772,Utkarsh Rajagopal,Female,50,Jamnagar,Jharkhand,East
CUST03773,Radhika Pingle,Female,45,Bhusawal,Tripura,East
CUST03774,Upadhriti Dhaliwal,Female,30,Secunderabad,Assam,East
CUST03775,Harsh Bala,Female,43,Kurnool,Arunachal Pradesh,East
CUST03776,Jason Pathak,Female,57,Firozabad,Tripura,East
CUST03777,Victor Srivastava,Female,60,Thrissur,Bihar,East
CUST03778,Eesha Mohanty,Male,19,Bettiah,Andhra Pradesh,South
CUST03779,Riya Minhas,Male,54,Barasat,Mizoram,East
CUST03780,Tripti Golla,Female,31,Dhanbad,Goa,West
CUST03781,Gaurangi Lad,Female,35,Dehri,Madhya Pradesh,Central
CUST03782,Shravya Grewal,Female,54,Ranchi,Manipur,East
CUST03783,Priya Krishna,Male,51,Hyderabad,Manipur,East
CUST03784,Samuel Dhawan,Male,41,Jabalpur,West Bengal,East
CUST03785,Hamsini Joshi,Female,27,Fatehpur,Maharashtra,West
CUST03786,Ishita Dass,Male,27,Dehri,Maharashtra,West
CUST03787,Charles Ray,Female,45,Firozabad,Mizoram,East
CUST03788,Vivaan Goda,Female,38,Thanjavur,Tripura,East
CUST03789,Wahab Lad,Male,58,Sri Ganganagar,Uttar Pradesh,North
CUST03790,Maanav Som,Male,44,Gangtok,Maharashtra,West
CUST03791,Falak Sengupta,Female,36,Bardhaman,Tripura,East
CUST03792,Dipta Handa,Male,34,Bulandshahr,Manipur,East
CUST03793,Urvi Tella,Male,43,Panchkula,Tamil Nadu,South
CUST03794,Hemangini Kumar,Male,25,Junagadh,West Bengal,East
CUST03795,Ayaan Khurana,Male,30,Siliguri,West Bengal,East
CUST03796,Vansha Kade,Male,33,Bikaner,Manipur,East
CUST03797,Pranit Bhasin,Female,47,Akola,Rajasthan,North
CUST03798,Vasatika Chauhan,Female,53,Aurangabad,Uttarakhand,North
CUST03799,Kamala Suri,Female,45,Medininagar,Bihar,East
CUST03800,Hredhaan Sampath,Male,30,Howrah,Tripura,East
CUST03801,Nakul Prabhu,Male,35,Tumkur,Himachal Pradesh,North
CUST03802,Viraj Bali,Male,19,Akola,Bihar,East
CUST03803,Abhiram Johal,Female,35,Gaya,Andhra Pradesh,South
CUST03804,Odika Atwal,Male,59,Shimoga,Goa,West
CUST03805,Amruta Tandon,Male,64,Ghaziabad,Maharashtra,West
CUST03806,Ekbal Seshadri,Female,19,Surat,Gujarat,West
CUST03807,Mugdha Hari,Male,23,Thane,Karnataka,South
CUST03808,Bachittar Manne,Female,56,Dhule,Goa,West
CUST03809,Tara Goswami,Female,22,Parbhani,Madhya Pradesh,Central
CUST03810,Isaiah Sastry,Female,41,Phusro,Himachal Pradesh,North
CUST03811,Rachita Khurana,Male,43,Panvel,Haryana,North
CUST03812,Mitali Nair,Male,33,Ghaziabad,Goa,West
CUST03813,Ekta Chopra,Male,54,Mahbubnagar,Haryana,North
CUST03814,Turvi Dugar,Male,51,Bokaro,Nagaland,East
CUST03815,Nathaniel Dalal,Female,49,Korba,Kerala,South
CUST03816,Chanchal Sanghvi,Male,33,Cuttack,Uttarakhand,North
CUST03817,Oni Sethi,Male,38,Bathinda,Uttarakhand,North
CUST03818,Sudiksha Ganesan,Female,55,Raurkela Industrial Township,Gujarat,West
CUST03819,Alka Prakash,Female,65,Bidhannagar,Telangana,South
CUST03820,Yashasvi Saran,Male,45,Delhi,Maharashtra,West
CUST03821,Januja Sachar,Male,27,Gulbarga,Arunachal Pradesh,East
CUST03822,Harshil Garg,Male,29,Dehradun,Goa,West
CUST03823,Kamya Mistry,Male,35,Udupi,Arunachal Pradesh,East
CUST03824,Aashi Banerjee,Female,44,Malegaon,Goa,West
CUST03825,Reyansh Kota,Female,55,Malegaon,Andhra Pradesh,South
CUST03826,Yash Parmar,Male,49,Thane,Chhattisgarh,Central
CUST03827,Garima Padmanabhan,Female,62,Raipur,Punjab,North
CUST03828,Geetika Mander,Male,38,Visakhapatnam,Haryana,North
CUST03829,Yamini Mane,Female,48,Jammu,Tripura,East
CUST03830,Reyansh Gaba,Male,35,Shahjahanpur,Madhya Pradesh,Central
CUST03831,Pooja Deo,Male,41,Siwan,Andhra Pradesh,South
CUST03832,Vihaan Das,Female,63,Agartala,Tripura,East
CUST03833,Gautam Edwin,Female,37,Raiganj,Tripura,East
CUST03834,Maya Munshi,Male,59,Pimpri-Chinchwad,Bihar,East
CUST03835,Xavier Taneja,Male,65,Davanagere,Assam,East
CUST03836,Tripti More,Male,62,Alwar,Goa,West
CUST03837,Alexander Rajagopalan,Male,34,Hindupur,Tripura,East
CUST03838,Girik Jani,Female,37,Tiruvottiyur,Punjab,North
CUST03839,Kevin Golla,Female,61,Amroha,Assam,East
CUST03840,Harish Subramaniam,Male,52,Ahmednagar,Telangana,South
CUST03841,Kabir Sampath,Male,46,Bhalswa Jahangir Pur,Karnataka,South
CUST03842,Yashoda Rastogi,Female,18,Yamunanagar,Bihar,East
CUST03843,Atharv Sandal,Female,34,Sultan Pur Majra,Uttar Pradesh,North
CUST03844,Avi Agrawal,Female,23,Katihar,Himachal Pradesh,North
CUST03845,Laksh Madan,Male,37,Jhansi,Goa,West
CUST03846,Dev Pandya,Male,28,Bathinda,Kerala,South
CUST03847,Eesha Chandra,Female,58,Bhagalpur,Telangana,South
CUST03848,Harish Cheema,Female,59,Patiala,Sikkim,East
CUST03849,Zansi Sathe,Female,20,Gudivada,Manipur,East
CUST03850,Advika Shukla,Female,23,Dindigul,Tamil Nadu,South
CUST03851,Karan Dube,Female,48,Orai,Nagaland,East
CUST03852,Aachal Nagy,Female,39,Gudivada,Goa,West
CUST03853,Chasmum Subramanian,Female,24,Kalyan-Dombivli,Maharashtra,West
CUST03854,Lavanya Issac,Male,62,Noida,Tripura,East
CUST03855,Qushi Pandya,Female,50,Secunderabad,West Bengal,East
CUST03856,Noah Oak,Male,40,Hosur,Sikkim,East
CUST03857,Rachita Maharaj,Female,56,Saharsa,Karnataka,South
CUST03858,Rehaan Garg,Female,47,Junagadh,Tamil Nadu,South
CUST03859,Krishna Ravel,Male,21,Surat,Telangana,South
CUST03860,Mitali Subramaniam,Male,58,Bhimavaram,Tripura,East
CUST03861,Janani Mody,Female,59,Imphal,Telangana,South
CUST03862,Faris Ramanathan,Male,18,Miryalaguda,Goa,West
CUST03863,Qadim Palla,Female,30,Aligarh,Nagaland,East
CUST03864,Ira Ravi,Female,38,Dewas,Manipur,East
CUST03865,Nisha Gulati,Male,25,Bokaro,Rajasthan,North
CUST03866,Gautam Gara,Male,33,Sambalpur,Himachal Pradesh,North
CUST03867,Bhavna Gill,Male,56,Ahmedabad,Punjab,North
CUST03868,Meera Garde,Female,38,Thane,Chhattisgarh,Central
CUST03869,Mohini Acharya,Female,48,Tiruvottiyur,Uttarakhand,North
CUST03870,Jalsa Sani,Male,34,Udaipur,Assam,East
CUST03871,Bhavani Baral,Male,61,Ahmednagar,Punjab,North
CUST03872,Chandresh Chad,Female,36,Sambalpur,Kerala,South
CUST03873,Peter Desai,Male,23,Bihar Sharif,Uttarakhand,North
CUST03874,Girik Chadha,Female,41,Eluru,West Bengal,East
CUST03875,Chakradhar Saini,Male,43,Dehri,Chhattisgarh,Central
CUST03876,Vedika Barad,Female,54,Silchar,Himachal Pradesh,North
CUST03877,Indrajit Sahota,Male,19,Bhalswa Jahangir Pur,Maharashtra,West
CUST03878,Mahika Manda,Male,53,Hajipur,Tamil Nadu,South
CUST03879,Advaith Aurora,Male,23,Ambattur,Manipur,East
CUST03880,Ryan Madan,Female,30,Mysore,Manipur,East
CUST03881,Manan Kapoor,Female,62,Tiruppur,West Bengal,East
CUST03882,Nirja Contractor,Male,21,Tadipatri,Himachal Pradesh,North
CUST03883,Girik Saran,Female,57,Durgapur,Gujarat,West
CUST03884,Lopa Palla,Female,56,Tumkur,Bihar,East
CUST03885,Tripti Gokhale,Female,27,Nandyal,Sikkim,East
CUST03886,Janaki Sood,Male,41,Patna,Maharashtra,West
CUST03887,Zayan Master,Male,54,Ranchi,Uttarakhand,North
CUST03888,Priya Boase,Male,18,Khammam,West Bengal,East
CUST03889,Harish Vaidya,Female,47,Jaipur,Assam,East
CUST03890,Ranbir Gera,Female,25,South Dumdum,Arunachal Pradesh,East
CUST03891,Bhavini Kanda,Male,63,Aizawl,Himachal Pradesh,North
CUST03892,Faras Taneja,Male,30,Muzaffarnagar,Himachal Pradesh,North
CUST03893,Priya Nayak,Female,36,Orai,Uttarakhand,North
CUST03894,Aadhya Sen,Female,42,Dehradun,Kerala,South
CUST03895,Kala Kar,Male,45,Durgapur,Maharashtra,West
CUST03896,Avni Sibal,Male,56,Davanagere,Mizoram,East
CUST03897,Amaira Bhatnagar,Male,36,Delhi,Punjab,North
CUST03898,Utkarsh Tella,Male,44,Satara,Meghalaya,East
CUST03899,Owen Chand,Male,44,Alwar,Haryana,North
CUST03900,Amol Bali,Male,19,Morena,Nagaland,East
CUST03901,Adweta Sane,Female,34,Farrukhabad,Meghalaya,East
CUST03902,Girindra Memon,Male,57,Sirsa,Mizoram,East
CUST03903,Anya Kala,Female,33,Faridabad,Madhya Pradesh,Central
CUST03904,Fitan Seth,Female,55,Vijayanagaram,Himachal Pradesh,North
CUST03905,Unni Deep,Female,23,Muzaffarpur,Madhya Pradesh,Central
CUST03906,Jhalak Mishra,Male,48,Kadapa,Kerala,South
CUST03907,Darpan Dixit,Male,38,Fatehpur,Tamil Nadu,South
CUST03908,Imaran Apte,Female,61,Thanjavur,Arunachal Pradesh,East
CUST03909,Lekha Bahri,Male,63,Noida,Kerala,South
CUST03910,Priya Bandi,Female,63,Vadodara,Haryana,North
CUST03911,Sachi Loke,Female,65,Guntakal,Mizoram,East
CUST03912,Siddharth Bala,Female,22,Karawal Nagar,Rajasthan,North
CUST03913,Siddharth Bains,Male,53,Chittoor,Tamil Nadu,South
CUST03914,Krishna Goswami,Male,21,Bidar,Maharashtra,West
CUST03915,Avni Bumb,Female,33,Anand,Manipur,East
CUST03916,Falguni Kamdar,Female,40,Khora ,Uttar Pradesh,North
CUST03917,Lila Sinha,Male,18,Chapra,Maharashtra,West
CUST03918,Daksha Gara,Female,50,Silchar,Andhra Pradesh,South
CUST03919,Ekantika Bains,Female,37,Aurangabad,Chhattisgarh,Central
CUST03920,Jacob Shah,Female,60,Firozabad,Rajasthan,North
CUST03921,Faras Ratti,Female,26,Ludhiana,Maharashtra,West
CUST03922,Samesh Grover,Male,55,Coimbatore,Madhya Pradesh,Central
CUST03923,Alexander Som,Male,34,Amaravati,Odisha,East
CUST03924,Yashodhara Buch,Male,50,Pallavaram,Bihar,East
CUST03925,Omya Naidu,Female,39,Muzaffarpur,Manipur,East
CUST03926,Tanvi Ahuja,Female,26,Aizawl,Punjab,North
CUST03927,Onveer Ravel,Male,38,Sangli-Miraj & Kupwad,Andhra Pradesh,South
CUST03928,Wahab Chahal,Female,27,Khammam,Jharkhand,East
CUST03929,Isaiah Mandal,Female,25,Buxar,Punjab,North
CUST03930,Shivani Bala,Female,20,Khora ,Goa,West
CUST03931,Harini Yohannan,Male,49,Jhansi,Andhra Pradesh,South
CUST03932,Aarna Wali,Female,65,Darbhanga,Haryana,North
CUST03933,Yatan Bhagat,Female,45,Aurangabad,Manipur,East
CUST03934,Oeshi Sinha,Female,34,Kharagpur,Rajasthan,North
CUST03935,Anika Kapadia,Female,51,Tiruvottiyur,Rajasthan,North
CUST03936,Harshil Raghavan,Female,45,Amaravati,Telangana,South
CUST03937,Yasti Chander,Male,38,Mumbai,Gujarat,West
CUST03938,Chakradhar Contractor,Female,27,Meerut,Punjab,North
CUST03939,Nitara Misra,Female,21,Amroha,Arunachal Pradesh,East
CUST03940,Azaan Varghese,Male,27,Kadapa,Rajasthan,North
CUST03941,Suhani Dutta,Male,32,Jalgaon,Mizoram,East
CUST03942,Oeshi Ghosh,Male,20,Dewas,Uttarakhand,North
CUST03943,Ayushman Bahl,Female,34,Siliguri,Mizoram,East
CUST03944,Qarin Sibal,Male,63,Hubli–Dharwad,Assam,East
CUST03945,Aarnav Sampath,Female,45,Ghaziabad,Madhya Pradesh,Central
CUST03946,Onveer Sodhi,Male,49,Katni,Chhattisgarh,Central
CUST03947,Bachittar Wali,Male,46,Pune,Haryana,North
CUST03948,Tanmayi Bhandari,Female,63,Bidar,Gujarat,West
CUST03949,Avni Luthra,Female,47,Anantapur,Uttar Pradesh,North
CUST03950,Qarin Kulkarni,Female,25,Nagaon,Sikkim,East
CUST03951,Abeer Bumb,Male,25,Hyderabad,Telangana,South
CUST03952,Luke Misra,Female,23,Dindigul,Gujarat,West
CUST03953,Anirudh Chana,Male,36,Rajahmundry,Manipur,East
CUST03954,Yuvraj Andra,Male,28,Suryapet,Himachal Pradesh,North
CUST03955,Nidhi Bhargava,Female,54,Phagwara,Madhya Pradesh,Central
CUST03956,Aadi Deo,Male,55,Latur,Madhya Pradesh,Central
CUST03957,Kiaan Morar,Male,51,Nagercoil,Kerala,South
CUST03958,Pavani Kumer,Male,44,Katihar,Uttarakhand,North
CUST03959,Jhalak Mallick,Male,33,Latur,West Bengal,East
CUST03960,Anita Uppal,Female,61,Kochi,Kerala,South
CUST03961,Wishi Kothari,Male,39,Bally,Tamil Nadu,South
CUST03962,Nirja Doshi,Male,36,Warangal,Haryana,North
CUST03963,Balvan Raj,Male,43,Madhyamgram,Punjab,North
CUST03964,Bhanumati Borah,Female,55,Serampore,Odisha,East
CUST03965,Vedhika Ghosh,Male,38,Dhanbad,Himachal Pradesh,North
CUST03966,Lila Gour,Male,19,Bulandshahr,Odisha,East
CUST03967,Advay Rajagopalan,Male,47,Sikar,Assam,East
CUST03968,Nikita Goel,Female,47,Hapur,Madhya Pradesh,Central
CUST03969,Yug Kale,Female,56,Begusarai,Telangana,South
CUST03970,Mugdha Varma,Male,39,Shimla,Manipur,East
CUST03971,Kashish Saraf,Male,59,Barasat,Bihar,East
CUST03972,Aachal Vohra,Female,38,Dhanbad,Mizoram,East
CUST03973,Yatin Chandran,Male,31,Kollam,Punjab,North
CUST03974,Frado Dubey,Male,59,Sambhal,Andhra Pradesh,South
CUST03975,Aayush Bhavsar,Female,38,Bihar Sharif,Arunachal Pradesh,East
CUST03976,Mohini Din,Male,65,Farrukhabad,Telangana,South
CUST03977,Bahadurjit Mane,Male,53,Bellary,Jharkhand,East
CUST03978,Anay Jayaraman,Female,23,Pondicherry,Chhattisgarh,Central
CUST03979,Kevin Bali,Female,34,Khammam,Uttarakhand,North
CUST03980,Chameli Dutta,Male,33,Sagar,Andhra Pradesh,South
CUST03981,Matthew Bhakta,Female,23,Muzaffarpur,Karnataka,South
CUST03982,Azaan Sundaram,Male,31,Haldia,Punjab,North
CUST03983,Advika Rattan,Male,42,Jehanabad,Uttarakhand,North
CUST03984,Kala Ratti,Female,36,Kolkata,Assam,East
CUST03985,Janya Korpal,Male,25,Sultan Pur Majra,Punjab,North
CUST03986,Nilima Chaudhry,Female,49,Aurangabad,Karnataka,South
CUST03987,Michael Mannan,Female,65,Tirupati,Haryana,North
CUST03988,Vritti Kurian,Female,61,Ujjain,Karnataka,South
CUST03989,Elijah Hari,Male,40,Tadipatri,Karnataka,South
CUST03990,Gunbir Arya,Male,41,Mehsana,Meghalaya,East
CUST03991,Ronith Gara,Male,49,Mehsana,Kerala,South
CUST03992,Upkaar Saini,Female,42,Ramgarh,Tripura,East
CUST03993,Chakradev Din,Female,35,Ballia,Punjab,North
CUST03994,Rushil Varty,Female,23,Jammu,Gujarat,West
CUST03995,Banjeet Gupta,Female,41,Udaipur,Uttar Pradesh,North
CUST03996,Dayita Maharaj,Male,45,Baranagar,Nagaland,East
CUST03997,Anika Tak,Female,23,Indore,Manipur,East
CUST03998,Kabir Kar,Male,50,Amritsar,Andhra Pradesh,South
CUST03999,Odika Nagy,Female,47,Narasaraopet,Assam,East
CUST04000,Bahadurjit Parikh,Male,59,Karawal Nagar,Tamil Nadu,South
CUST04001,Ojas Yohannan,Male,49,Vijayawada,Himachal Pradesh,North
CUST04002,Leela Hans,Male,36,Vadodara,Punjab,North
CUST04003,Irya Upadhyay,Female,45,Hapur,Kerala,South
CUST04004,Girish Nagi,Male,48,Bhilwara,Himachal Pradesh,North
CUST04005,Jasmit Kothari,Female,27,Sikar,Arunachal Pradesh,East
CUST04006,Urvashi Agate,Male,61,Anantapuram,Andhra Pradesh,South
CUST04007,Advik Mukhopadhyay,Female,33,Bijapur,Bihar,East
CUST04008,Andrew Kothari,Female,36,Mangalore,Assam,East
CUST04009,Shaurya Raja,Male,53,Nanded,Tripura,East
CUST04010,William Varkey,Male,20,Tinsukia,Nagaland,East
CUST04011,Arya Bail,Male,50,Deoghar,Nagaland,East
CUST04012,Max Ramanathan,Female,44,Sangli-Miraj & Kupwad,Punjab,North
CUST04013,Gautam Raja,Male,47,Junagadh,Tamil Nadu,South
CUST04014,Samar Khalsa,Female,40,Erode,Chhattisgarh,Central
CUST04015,Christopher Gupta,Female,55,Dewas,Himachal Pradesh,North
CUST04016,Yahvi Tripathi,Male,50,Bhiwani,Meghalaya,East
CUST04017,Yashasvi Subramanian,Male,25,Kavali,Goa,West
CUST04018,Jacob Chanda,Female,29,Korba,Assam,East
CUST04019,Ryan Dhillon,Male,43,Burhanpur,Bihar,East
CUST04020,Gautami Yogi,Male,23,Begusarai,Karnataka,South
CUST04021,Hemal Gaba,Female,63,New Delhi,Goa,West
CUST04022,Isaac Rau,Female,38,Sagar,Manipur,East
CUST04023,Manan Badami,Female,60,Kamarhati,Punjab,North
CUST04024,Abhimanyu Soni,Female,57,Darbhanga,Kerala,South
CUST04025,Chaman Srinivasan,Female,39,Katihar,Sikkim,East
CUST04026,Ronith Buch,Male,31,Rajkot,Jharkhand,East
CUST04027,Ethan Nori,Male,23,Gangtok,Himachal Pradesh,North
CUST04028,Vedika Ram,Female,61,Mira-Bhayandar,West Bengal,East
CUST04029,Pranit Kothari,Male,45,Gangtok,Madhya Pradesh,Central
CUST04030,Januja Kata,Male,18,Durgapur,Telangana,South
CUST04031,Ethan Warrior,Female,25,Pune,Chhattisgarh,Central
CUST04032,Vedika Sen,Male,28,Thrissur,Madhya Pradesh,Central
CUST04033,Chanakya Narayanan,Female,47,Singrauli,Haryana,North
CUST04034,Meghana Randhawa,Female,60,Raebareli,Uttarakhand,North
CUST04035,Kamala Basu,Female,37,Bettiah,Rajasthan,North
CUST04036,Pushti Lata,Female,62,Bongaigaon,Odisha,East
CUST04037,Advay Kalita,Female,37,Guntakal,Bihar,East
CUST04038,Daniel Khalsa,Male,26,Asansol,Kerala,South
CUST04039,Arin Lala,Male,18,Sangli-Miraj & Kupwad,Tamil Nadu,South
CUST04040,Triveni Prabhakar,Male,25,Kavali,Kerala,South
CUST04041,Isaac Grover,Male,62,Kalyan-Dombivli,Arunachal Pradesh,East
CUST04042,Caleb Deol,Male,19,Karnal,Uttarakhand,North
CUST04043,Chakrika Nagy,Male,48,Darbhanga,Rajasthan,North
CUST04044,Caleb Nagar,Male,59,Proddatur,Punjab,North
CUST04045,Bhavika Narayan,Male,45,Kottayam,Assam,East
CUST04046,Amol Dara,Male,23,Karnal,Rajasthan,North
CUST04047,Siddharth Mander,Female,47,Bathinda,Madhya Pradesh,Central
CUST04048,Naksh Ganesh,Male,48,Jalgaon,Bihar,East
CUST04049,Warda Ben,Female,19,Vellore,Madhya Pradesh,Central
CUST04050,Wahab Rege,Male,28,Bidar,Uttarakhand,North
CUST04051,Dayita Sampath,Male,65,Sultan Pur Majra,Andhra Pradesh,South
CUST04052,Saumya Dube,Female,49,Machilipatnam,Andhra Pradesh,South
CUST04053,Ronith Pandit,Female,19,Ambarnath,Mizoram,East
CUST04054,Avi Bobal,Female,55,Davanagere,Sikkim,East
CUST04055,Ekansh Sastry,Male,30,Mysore,Maharashtra,West
CUST04056,Girindra Mutti,Female,54,Meerut,Kerala,South
CUST04057,David Prakash,Female,21,Mangalore,Himachal Pradesh,North
CUST04058,Falan Kadakia,Female,18,Gudivada,Karnataka,South
CUST04059,Riya Lanka,Male,58,Gandhinagar,Himachal Pradesh,North
CUST04060,Tanay Chatterjee,Female,44,Bhind,Odisha,East
CUST04061,Eiravati Sharma,Female,65,Chapra,Telangana,South
CUST04062,Mitali Saran,Female,20,Machilipatnam,Odisha,East
CUST04063,Pushti Narayanan,Female,43,Amravati,Nagaland,East
CUST04064,Robert Naidu,Female,50,Bilaspur,Rajasthan,North
CUST04065,Meghana Amble,Female,32,Bhind,Arunachal Pradesh,East
CUST04066,Xavier Sridhar,Male,51,Hubli–Dharwad,Nagaland,East
CUST04067,Yash Ahuja,Male,45,Phusro,Goa,West
CUST04068,Atharv Parsa,Female,53,Unnao,Haryana,North
CUST04069,Ranveer Dhawan,Male,35,Rajpur Sonarpur,Uttar Pradesh,North
CUST04070,Shivansh Ravel,Female,48,Rampur,Arunachal Pradesh,East
CUST04071,Kiaan Nagy,Male,49,Ujjain,Uttarakhand,North
CUST04072,Triveni Puri,Female,46,Rampur,Goa,West
CUST04073,Urvashi Khalsa,Female,19,Rajahmundry,Telangana,South
CUST04074,Lohit Batra,Male,36,Mathura,Sikkim,East
CUST04075,Anthony Chandra,Male,48,Mumbai,Assam,East
CUST04076,Ranbir Kari,Female,46,Hazaribagh,Himachal Pradesh,North
CUST04077,Lakshit Kala,Male,50,Shimla,Sikkim,East
CUST04078,Manthan Andra,Male,55,Bathinda,Uttarakhand,North
CUST04079,Frado Narasimhan,Female,56,Tiruvottiyur,Chhattisgarh,Central
CUST04080,Dakshesh Savant,Female,26,Junagadh,Odisha,East
CUST04081,Saksham Kant,Female,64,Ludhiana,Andhra Pradesh,South
CUST04082,Bhavani Korpal,Female,44,Bhatpara,Goa,West
CUST04083,Matthew Dave,Female,48,Hospet,Manipur,East
CUST04084,Tejas Jani,Male,57,Vijayanagaram,Telangana,South
CUST04085,Mitali Ratti,Male,36,Morena,Andhra Pradesh,South
CUST04086,Aarush Johal,Male,60,Faridabad,Haryana,North
CUST04087,Bakhshi Nayak,Female,26,Gulbarga,Punjab,North
CUST04088,Krishna Mani,Male,30,Agra,Rajasthan,North
CUST04089,Chameli Bera,Male,56,Shimla,Himachal Pradesh,North
CUST04090,Radha Solanki,Female,24,Guna,Goa,West
CUST04091,Sudiksha Salvi,Female,49,Serampore,Odisha,East
CUST04092,Qushi Dutta,Female,33,Thane,Haryana,North
CUST04093,Rayaan Trivedi,Male,53,Sambhal,Uttar Pradesh,North
CUST04094,Nisha Bobal,Male,19,Chapra,Manipur,East
CUST04095,Divya Sunder,Female,34,Vasai-Virar,Mizoram,East
CUST04096,Vedhika Mall,Female,61,Bardhaman,Punjab,North
CUST04097,Bakhshi Murty,Male,29,Kanpur,West Bengal,East
CUST04098,Sarthak Dhar,Male,22,Junagadh,Jharkhand,East
CUST04099,Joshua Deep,Female,45,Gudivada,Himachal Pradesh,North
CUST04100,Harrison De,Male,57,Sangli-Miraj & Kupwad,Tamil Nadu,South
CUST04101,Hemang Narayan,Male,25,Kishanganj,Karnataka,South
CUST04102,Zayan Babu,Male,49,Srinagar,Goa,West
CUST04103,Rajeshri Gade,Female,39,Nellore,Uttarakhand,North
CUST04104,Widisha Mital,Female,20,Nanded,Karnataka,South
CUST04105,Triya Thaman,Female,27,Rajkot,West Bengal,East
CUST04106,Kabir Jayaraman,Male,63,Hajipur,Rajasthan,North
CUST04107,Dalbir Narayan,Male,46,Jabalpur,Madhya Pradesh,Central
CUST04108,Leena Bose,Female,25,Rohtak,Odisha,East
CUST04109,Nandini Mohan,Male,57,Ramgarh,Punjab,North
CUST04110,Mahika Bakshi,Male,53,Kottayam,Maharashtra,West
CUST04111,Amruta Ram,Male,50,Hosur,Haryana,North
CUST04112,Sai Dube,Male,28,Tenali,Uttar Pradesh,North
CUST04113,Chandresh Bhargava,Male,31,Erode,Assam,East
CUST04114,Nandini Deo,Female,28,Navi Mumbai,Maharashtra,West
CUST04115,Ishani Nagar,Female,63,Guna,Maharashtra,West
CUST04116,Ganga Tata,Female,50,North Dumdum,Karnataka,South
CUST04117,Wakeeta Pandey,Female,64,Malegaon,Himachal Pradesh,North
CUST04118,Raagini Maharaj,Male,27,Chennai,Arunachal Pradesh,East
CUST04119,Sanya Nazareth,Female,39,Bettiah,West Bengal,East
CUST04120,Bishakha Bhandari,Male,25,Madurai,Maharashtra,West
CUST04121,Ira Kumer,Male,46,Aligarh,Chhattisgarh,Central
CUST04122,Aahana Mittal,Female,18,Coimbatore,Tripura,East
CUST04123,Chaman Ahluwalia,Male,48,Panihati,Gujarat,West
CUST04124,Pooja Badal,Female,36,Ratlam,Uttarakhand,North
CUST04125,Benjamin Bhatt,Male,23,Jaipur,Haryana,North
CUST04126,Rishi Bath,Female,41,Agartala,Chhattisgarh,Central
CUST04127,Yauvani Sabharwal,Female,41,Malegaon,Arunachal Pradesh,East
CUST04128,Chanakya Zachariah,Male,27,Ludhiana,Punjab,North
CUST04129,Ekapad Kala,Female,32,Adoni,Andhra Pradesh,South
CUST04130,Dominic Soni,Male,45,Ramgarh,Meghalaya,East
CUST04131,Anjali Nayar,Female,44,Miryalaguda,Himachal Pradesh,North
CUST04132,Shaurya Patil,Female,51,Phagwara,Himachal Pradesh,North
CUST04133,Chanchal Nadkarni,Female,19,Madhyamgram,Gujarat,West
CUST04134,Krishna Swamy,Female,27,Danapur,Andhra Pradesh,South
CUST04135,Wishi Kapoor,Male,63,Surat,Karnataka,South
CUST04136,Logan Sankaran,Male,23,Gulbarga,Tamil Nadu,South
CUST04137,Anamika Din,Female,38,Muzaffarpur,Assam,East
CUST04138,Logan Natarajan,Female,28,Phagwara,Uttarakhand,North
CUST04139,Upadhriti Halder,Female,21,Jamnagar,Arunachal Pradesh,East
CUST04140,Gopal Sarraf,Female,20,Chittoor,Jharkhand,East
CUST04141,Triveni Patil,Male,54,Raipur,Sikkim,East
CUST04142,Ekalinga Varghese,Male,58,Shimoga,Sikkim,East
CUST04143,Saksham Aggarwal,Female,44,Medininagar,Karnataka,South
CUST04144,Yoshita Malhotra,Female,61,Aurangabad,Maharashtra,West
CUST04145,Yash Kannan,Female,64,Haldia,Andhra Pradesh,South
CUST04146,Krisha Mammen,Female,40,Jaunpur,Maharashtra,West
CUST04147,Brinda Varty,Male,35,Navi Mumbai,West Bengal,East
CUST04148,Reyansh Agate,Male,62,Sambhal,Goa,West
CUST04149,Gabriel Prabhu,Female,46,Bettiah,Uttar Pradesh,North
CUST04150,Upadhriti Zachariah,Male,52,Durg,Tripura,East
CUST04151,Lakshmi Pathak,Female,62,Phusro,Jharkhand,East
CUST04152,Arin Salvi,Female,59,Noida,Chhattisgarh,Central
CUST04153,Maanas Kannan,Female,30,Kochi,Manipur,East
CUST04154,Max Garg,Female,23,Chittoor,Sikkim,East
CUST04155,Balendra Sangha,Male,52,Darbhanga,West Bengal,East
CUST04156,Christopher Mand,Female,42,Amroha,Odisha,East
CUST04157,Aashi Bobal,Male,51,Bidar,Meghalaya,East
CUST04158,Dipta Jain,Female,31,Tinsukia,Nagaland,East
CUST04159,Sneha Kade,Male,50,Kottayam,Assam,East
CUST04160,Dhruv Nagi,Female,51,Madanapalle,Arunachal Pradesh,East
CUST04161,Kala Uppal,Female,58,Rourkela,Madhya Pradesh,Central
CUST04162,Yashasvi Lall,Male,19,Bulandshahr,Gujarat,West
CUST04163,Nachiket Badal,Male,52,Silchar,Assam,East
CUST04164,Wazir Rastogi,Female,33,Bokaro,Bihar,East
CUST04165,Gauri Chakrabarti,Female,64,Bhatpara,Odisha,East
CUST04166,Guneet Vaidya,Female,50,Indore,Rajasthan,North
CUST04167,Abhimanyu Ratti,Male,64,Kavali,Arunachal Pradesh,East
CUST04168,Champak Sha,Male,41,Muzaffarnagar,Meghalaya,East
CUST04169,Maanas Ram,Female,58,Rajahmundry,Himachal Pradesh,North
CUST04170,Daksha Sha,Female,25,Latur,Tamil Nadu,South
CUST04171,Chaitanya Salvi,Male,59,Khammam,Manipur,East
CUST04172,Zilmil Kar,Male,46,Sonipat,Kerala,South
CUST04173,Agastya Sur,Female,54,Noida,Telangana,South
CUST04174,Onkar Kamdar,Male,47,North Dumdum,Karnataka,South
CUST04175,Brijesh Nadkarni,Female,33,Patna,Kerala,South
CUST04176,Girik Vohra,Male,40,Tadipatri,Punjab,North
CUST04177,Zaitra Mahal,Female,36,Firozabad,Arunachal Pradesh,East
CUST04178,Jhalak Upadhyay,Male,63,Vasai-Virar,Assam,East
CUST04179,Devansh Morar,Female,51,Faridabad,Rajasthan,North
CUST04180,Michael Karan,Male,24,Dhanbad,Gujarat,West
CUST04181,Sachi Comar,Female,51,Singrauli,Uttarakhand,North
CUST04182,Baljiwan Sarma,Male,41,Tadipatri,Manipur,East
CUST04183,Lucky Kata,Female,24,Shimoga,Kerala,South
CUST04184,Yauvani Manne,Male,63,Bulandshahr,Meghalaya,East
CUST04185,Aryan Kata,Female,44,Purnia,Jharkhand,East
CUST04186,Dominic Sankaran,Male,23,Guntur,Punjab,North
CUST04187,Varsha Kamdar,Male,45,Guna,Sikkim,East
CUST04188,Jagat Pant,Male,48,Ambarnath,Manipur,East
CUST04189,Manan Sarna,Male,46,Vasai-Virar,Mizoram,East
CUST04190,Sathvik Barad,Male,41,Buxar,Uttarakhand,North
CUST04191,Garima Pillay,Female,55,Ujjain,Uttarakhand,North
CUST04192,Utkarsh Gill,Female,34,Mysore,Madhya Pradesh,Central
CUST04193,Ekapad Palan,Female,58,Siwan,Haryana,North
CUST04194,Lopa Bajwa,Female,46,Dhule,Jharkhand,East
CUST04195,Leena Sinha,Female,64,Pali,Goa,West
CUST04196,Hemani Parikh,Female,28,Gwalior,Rajasthan,North
CUST04197,Amrita Contractor,Male,50,Rajkot,Manipur,East
CUST04198,Gayathri Arya,Male,49,Dehradun,Assam,East
CUST04199,Nidhi Bora,Female,26,Navi Mumbai,Haryana,North
CUST04200,Anusha Srinivasan,Male,62,Howrah,Tamil Nadu,South
CUST04201,Samar Sur,Male,47,Tumkur,Andhra Pradesh,South
CUST04202,Jeremiah Wason,Female,20,Tumkur,Sikkim,East
CUST04203,Saksham Balakrishnan,Male,53,Khandwa,West Bengal,East
CUST04204,Ayushman Rajagopalan,Female,25,Bhiwandi,Nagaland,East
CUST04205,Ojasvi Purohit,Female,25,Jaunpur,Bihar,East
CUST04206,Ojasvi Sachdev,Male,41,Solapur,Andhra Pradesh,South
CUST04207,Dhriti Ramesh,Female,20,Alwar,Goa,West
CUST04208,Krish Dave,Male,25,Muzaffarnagar,Himachal Pradesh,North
CUST04209,Elijah Joshi,Female,37,Bhusawal,Nagaland,East
CUST04210,Oviya Sura,Female,37,Tadipatri,Telangana,South
CUST04211,Girindra Som,Female,49,Srikakulam,Assam,East
CUST04212,Mason Modi,Male,27,Sambhal,Bihar,East
CUST04213,Chaaya Bala,Male,55,Rajpur Sonarpur,Haryana,North
CUST04214,Dev Shankar,Female,21,Tenali,Kerala,South
CUST04215,Damyanti Dey,Female,36,Faridabad,Bihar,East
CUST04216,Yatin Suri,Male,29,Nadiad,Gujarat,West
CUST04217,Ishanvi Raj,Female,18,Raurkela Industrial Township,Odisha,East
CUST04218,Qadim Sunder,Male,53,Gandhinagar,West Bengal,East
CUST04219,George Misra,Female,22,Indore,Gujarat,West
CUST04220,Aarnav Gola,Male,44,Tiruvottiyur,Assam,East
CUST04221,Anika Mani,Female,54,Jamalpur,Madhya Pradesh,Central
CUST04222,Lohit Gole,Female,54,Chapra,Andhra Pradesh,South
CUST04223,Upasna Khosla,Female,39,Amritsar,Himachal Pradesh,North
CUST04224,Anya Radhakrishnan,Female,48,Dindigul,Sikkim,East
CUST04225,Brinda Hora,Male,26,Secunderabad,Assam,East
CUST04226,Abha Shankar,Female,46,Giridih,Uttarakhand,North
CUST04227,Tanay Bhatt,Female,27,Bangalore,Jharkhand,East
CUST04228,Ekanta Mangal,Female,23,Gandhidham,Meghalaya,East
CUST04229,Pavani Chandran,Female,42,Faridabad,Tamil Nadu,South
CUST04230,Yadavi Behl,Male,43,Salem,Telangana,South
CUST04231,Yagnesh Chada,Female,52,Tiruppur,Odisha,East
CUST04232,Ekta Chanda,Male,60,Chandrapur,Haryana,North
CUST04233,Vasana Warrior,Female,65,Tirunelveli,Rajasthan,North
CUST04234,Alexander Sunder,Female,59,Motihari,Manipur,East
CUST04235,Chakradev Ravi,Male,28,Bhusawal,Jharkhand,East
CUST04236,Ganga Sha,Male,54,Vellore,Rajasthan,North
CUST04237,Luke Sangha,Female,53,Sambalpur,Uttar Pradesh,North
CUST04238,Kashish Lall,Male,59,Thiruvananthapuram,Andhra Pradesh,South
CUST04239,Bahadurjit Bera,Male,30,Jammu,Arunachal Pradesh,East
CUST04240,Yadavi Sankaran,Male,54,Thanjavur,Tamil Nadu,South
CUST04241,Eta Devi,Male,48,Tumkur,Telangana,South
CUST04242,Gopal Mann,Male,25,Indore,Madhya Pradesh,Central
CUST04243,Varsha Bansal,Male,19,Satna,Assam,East
CUST04244,Ekaja Dhar,Female,31,Bareilly,West Bengal,East
CUST04245,Panini Krish,Male,63,Kadapa,Chhattisgarh,Central
CUST04246,Krishna Deshpande,Female,23,Agra,Arunachal Pradesh,East
CUST04247,Vincent De,Female,43,Belgaum,Arunachal Pradesh,East
CUST04248,Krishna Dey,Male,49,Bareilly,Sikkim,East
CUST04249,Faqid Comar,Male,39,Bardhaman,Nagaland,East
CUST04250,Shaurya Kapoor,Female,29,Nellore,Haryana,North
CUST04251,Januja Golla,Female,19,Bhiwandi,Uttar Pradesh,North
CUST04252,Nathan Kohli,Female,42,Thanjavur,Uttarakhand,North
CUST04253,Bhanumati Nath,Female,23,Thrissur,Jharkhand,East
CUST04254,Xiti Ratta,Male,24,Bihar Sharif,Punjab,North
CUST04255,Priya Ahluwalia,Male,36,Bilaspur,Odisha,East
CUST04256,Pushti Hans,Male,29,Akola,Telangana,South
CUST04257,Ishanvi Kota,Female,23,Malda,Rajasthan,North
CUST04258,Xavier Malhotra,Male,37,Belgaum,Punjab,North
CUST04259,Vincent Parekh,Female,61,Tiruchirappalli,Karnataka,South
CUST04260,Leela Raval,Male,21,Thoothukudi,Odisha,East
CUST04261,Amara Sura,Female,29,Sangli-Miraj & Kupwad,Kerala,South
CUST04262,Yasti Bhat,Male,63,Erode,Jharkhand,East
CUST04263,Amaira Solanki,Male,37,Muzaffarnagar,Haryana,North
CUST04264,Kamala Dutta,Female,24,Mango,Tripura,East
CUST04265,Meera Saraf,Female,27,Muzaffarpur,Karnataka,South
CUST04266,Nikita Datta,Female,38,Kulti,Chhattisgarh,Central
CUST04267,Samaksh Rama,Female,42,Guntakal,Chhattisgarh,Central
CUST04268,Harshil Nigam,Male,21,Jodhpur,Goa,West
CUST04269,Omya Hegde,Male,33,North Dumdum,Himachal Pradesh,North
CUST04270,Bhavini Roy,Male,49,Orai,Telangana,South
CUST04271,Yatin Bal,Female,25,Salem,Madhya Pradesh,Central
CUST04272,Chaman Singhal,Female,21,Tadepalligudem,Punjab,North
CUST04273,Ojasvi Char,Female,47,Rajahmundry,Sikkim,East
CUST04274,Harrison Ramesh,Female,22,Surendranagar Dudhrej,Assam,East
CUST04275,Yash Bajaj,Female,19,Dhule,Meghalaya,East
CUST04276,Ladli Bhargava,Female,58,Rourkela,Tripura,East
CUST04277,Girish Mahal,Male,19,Ongole,Nagaland,East
CUST04278,Logan Raju,Female,53,Chapra,Gujarat,West
CUST04279,Karan Das,Male,33,Sikar,Uttar Pradesh,North
CUST04280,Chameli Sathe,Male,37,Udaipur,Karnataka,South
CUST04281,Maanas Gala,Female,46,Sagar,Kerala,South
CUST04282,Samesh Halder,Male,58,Jaunpur,Chhattisgarh,Central
CUST04283,Advay Kale,Male,27,Chapra,Himachal Pradesh,North
CUST04284,Imaran Golla,Female,52,Yamunanagar,Tamil Nadu,South
CUST04285,Triveni Chakrabarti,Male,33,Bidhannagar,Sikkim,East
CUST04286,Nisha Kapur,Female,53,Ozhukarai,Haryana,North
CUST04287,Bachittar Cheema,Female,20,Moradabad,Goa,West
CUST04288,Ayaan Comar,Male,47,Shahjahanpur,Odisha,East
CUST04289,Bahadurjit Bumb,Female,59,Kamarhati,Haryana,North
CUST04290,Anita Kale,Male,18,Gurgaon,Uttarakhand,North
CUST04291,Samesh Mahal,Male,48,Ichalkaranji,Arunachal Pradesh,East
CUST04292,Gaurang Bhatia,Female,56,Raebareli,Meghalaya,East
CUST04293,Baljiwan Borah,Female,61,Tinsukia,Assam,East
CUST04294,Nandini Anne,Female,40,Adoni,Rajasthan,North
CUST04295,Aryan Batta,Male,55,Nanded,Arunachal Pradesh,East
CUST04296,Omisha Sahni,Female,20,Sambhal,Nagaland,East
CUST04297,Elijah Baral,Male,65,Jalna,Chhattisgarh,Central
CUST04298,Sai Kuruvilla,Male,37,Barasat,Nagaland,East
CUST04299,Nachiket Bhasin,Male,43,Imphal,Gujarat,West
CUST04300,Pavani Bhat,Male,26,Buxar,Sikkim,East
CUST04301,Vedika Chaudhry,Female,45,Tinsukia,Madhya Pradesh,Central
CUST04302,Fariq Naik,Male,57,Navi Mumbai,West Bengal,East
CUST04303,Warhi D’Alia,Female,61,Bhavnagar,Uttar Pradesh,North
CUST04304,Dayamai Babu,Female,58,Avadi,Manipur,East
CUST04305,Neel Verma,Female,63,Ramagundam,Assam,East
CUST04306,Kevin Walla,Female,35,Dewas,Karnataka,South
CUST04307,Vedhika Borde,Male,60,Junagadh,Meghalaya,East
CUST04308,Vritti Rai,Female,39,Haldia,Gujarat,West
CUST04309,William Buch,Male,47,Panchkula,Jharkhand,East
CUST04310,Ladli Das,Female,19,Gulbarga,Haryana,North
CUST04311,Jagat Pall,Male,59,Nashik,Assam,East
CUST04312,Fitan Nayak,Male,56,Bathinda,Arunachal Pradesh,East
CUST04313,Rachita Goyal,Female,18,Jabalpur,Maharashtra,West
CUST04314,Hemangini Nazareth,Male,61,North Dumdum,Goa,West
CUST04315,Devika Borde,Male,44,Kolhapur,Rajasthan,North
CUST04316,Barkha Sur,Female,43,Kirari Suleman Nagar,Odisha,East
CUST04317,Jagrati Sandhu,Male,59,Mahbubnagar,Jharkhand,East
CUST04318,Dalbir Balasubramanian,Male,52,Aligarh,Odisha,East
CUST04319,Rachita Seth,Male,60,Rewa,Gujarat,West
CUST04320,Januja Thaman,Female,61,Ulhasnagar,West Bengal,East
CUST04321,Saumya Chadha,Male,40,Bhatpara,Madhya Pradesh,Central
CUST04322,Kiaan Pathak,Female,56,Ambarnath,Andhra Pradesh,South
CUST04323,Lavanya Anand,Female,42,Lucknow,Sikkim,East
CUST04324,Fitan Menon,Male,62,Bhubaneswar,Uttarakhand,North
CUST04325,Abdul Radhakrishnan,Male,25,Bokaro,Himachal Pradesh,North
CUST04326,Yauvani Saxena,Female,41,Kolkata,Andhra Pradesh,South
CUST04327,Nilima Bhargava,Male,46,Salem,Meghalaya,East
CUST04328,Lohit Amble,Male,32,Vellore,Goa,West
CUST04329,Yachana Choudhry,Male,35,Etawah,West Bengal,East
CUST04330,Logan Karnik,Female,30,Suryapet,Chhattisgarh,Central
CUST04331,Parth Dubey,Male,57,Ahmedabad,Nagaland,East
CUST04332,Urishilla Narain,Female,63,Hajipur,Gujarat,West
CUST04333,Chameli Balay,Male,32,Darbhanga,Assam,East
CUST04334,Amrita Sethi,Female,41,Ambattur,Kerala,South
CUST04335,Jack Koshy,Male,35,Ludhiana,Uttarakhand,North
CUST04336,Rishi Nagar,Female,63,Ulhasnagar,Goa,West
CUST04337,Abhimanyu Sarkar,Male,18,Kochi,Rajasthan,North
CUST04338,Vrishti Baria,Male,58,Loni,Haryana,North
CUST04339,Joshua Zachariah,Female,25,Srinagar,Andhra Pradesh,South
CUST04340,Harsh Mani,Female,54,Latur,Jharkhand,East
CUST04341,Gaurangi Date,Female,28,Firozabad,Jharkhand,East
CUST04342,Nimrat Sha,Male,60,Warangal,Nagaland,East
CUST04343,Parth Chada,Male,22,Lucknow,Madhya Pradesh,Central
CUST04344,Hemangini Tank,Male,65,Ambattur,Manipur,East
CUST04345,Madhav Chatterjee,Male,26,Udupi,Telangana,South
CUST04346,Zashil Khatri,Female,54,Kavali,Odisha,East
CUST04347,Eiravati Narula,Male,51,Hapur,Meghalaya,East
CUST04348,Damini Bail,Female,30,Gaya,Odisha,East
CUST04349,Oni Sani,Male,62,Bihar Sharif,Kerala,South
CUST04350,Zinal Sanghvi,Female,61,Burhanpur,Assam,East
CUST04351,Lipika Narula,Female,18,Jaunpur,Haryana,North
CUST04352,Sneha Mahajan,Female,59,Raiganj,Arunachal Pradesh,East
CUST04353,Mohini Nadkarni,Male,38,Raiganj,Maharashtra,West
CUST04354,Udant Sahota,Female,44,Dewas,Odisha,East
CUST04355,Logan Parmar,Female,25,Jaipur,Mizoram,East
CUST04356,Robert Srinivas,Female,49,Tadepalligudem,Punjab,North
CUST04357,Mitali Merchant,Female,51,Barasat,Manipur,East
CUST04358,Pranit Naidu,Male,64,Katihar,Jharkhand,East
CUST04359,Wridesh Dhaliwal,Male,21,Akola,Gujarat,West
CUST04360,Yauvani Agrawal,Female,44,Panipat,Assam,East
CUST04361,Jonathan Morar,Female,38,Bathinda,Karnataka,South
CUST04362,Mitali Chokshi,Male,43,Deoghar,Karnataka,South
CUST04363,Tara Manda,Male,39,Yamunanagar,Goa,West
CUST04364,Kritika Aurora,Male,54,Alwar,Goa,West
CUST04365,Sneha Bhat,Male,65,Kakinada,Haryana,North
CUST04366,Hamsini Manne,Male,62,Bokaro,Haryana,North
CUST04367,Ekanta Yogi,Female,22,Loni,Madhya Pradesh,Central
CUST04368,Chakradhar Mammen,Male,30,Kolhapur,Punjab,North
CUST04369,Manya Gour,Male,39,Mango,Goa,West
CUST04370,Vedika Merchant,Female,22,Ghaziabad,Chhattisgarh,Central
CUST04371,Avi Mittal,Male,19,Vellore,Manipur,East
CUST04372,Jagdish Parmer,Female,45,Gudivada,Goa,West
CUST04373,Lavanya Kadakia,Male,55,Kolkata,Madhya Pradesh,Central
CUST04374,Jonathan Pant,Female,34,Thrissur,Bihar,East
CUST04375,Naksh Tella,Male,24,Barasat,Nagaland,East
CUST04376,Abhimanyu Goyal,Female,33,Ranchi,Maharashtra,West
CUST04377,Chanakya Cherian,Female,21,Latur,Gujarat,West
CUST04378,Upkaar Suri,Female,51,Guwahati,Punjab,North
CUST04379,Aarnav Bhardwaj,Male,22,Udaipur,Tamil Nadu,South
CUST04380,Qushi Chaudhary,Female,24,Ulhasnagar,Goa,West
CUST04381,Krisha Mand,Female,55,Rajkot,Mizoram,East
CUST04382,Irya More,Male,23,Hospet,Odisha,East
CUST04383,Utkarsh Acharya,Male,20,Hapur,Telangana,South
CUST04384,Laban Kaur,Female,38,Kharagpur,Rajasthan,North
CUST04385,Udyati Warrior,Male,26,Anantapuram,Karnataka,South
CUST04386,Bimala Sastry,Male,46,Sambalpur,Manipur,East
CUST04387,Jagat Merchant,Male,37,Thiruvananthapuram,Sikkim,East
CUST04388,Faris Seth,Female,22,Haldia,Maharashtra,West
CUST04389,Harini Bhardwaj,Male,61,Belgaum,Sikkim,East
CUST04390,Omya Bhavsar,Male,53,Indore,Uttar Pradesh,North
CUST04391,Gabriel Nagi,Male,36,Motihari,Arunachal Pradesh,East
CUST04392,Ethan Bhasin,Female,43,Mira-Bhayandar,Haryana,North
CUST04393,Ishaan Raman,Male,57,Motihari,Sikkim,East
CUST04394,Arjun Raju,Female,32,Purnia,Gujarat,West
CUST04395,Yatan Deshmukh,Male,47,Davanagere,Sikkim,East
CUST04396,Jatin Zacharia,Female,47,Bhimavaram,Chhattisgarh,Central
CUST04397,Lakshit Radhakrishnan,Female,57,Anand,Kerala,South
CUST04398,Thomas Tank,Male,39,Gwalior,Jharkhand,East
CUST04399,Devika Hans,Male,47,Thane,Andhra Pradesh,South
CUST04400,Sudiksha Nayar,Female,55,Jehanabad,Tripura,East
CUST04401,Yagnesh Bora,Male,24,Asansol,Himachal Pradesh,North
CUST04402,Hemangini Thakkar,Male,18,Nadiad,Punjab,North
CUST04403,Jonathan Srinivas,Male,55,Kota,Meghalaya,East
CUST04404,Watika Sachar,Male,54,Jehanabad,Assam,East
CUST04405,Shivansh Viswanathan,Male,58,Kalyan-Dombivli,Bihar,East
CUST04406,Anvi Balasubramanian,Female,40,Nagercoil,Goa,West
CUST04407,Maya Master,Female,48,Chinsurah,Manipur,East
CUST04408,Jyoti Bhatt,Female,29,Morbi,Goa,West
CUST04409,Diya Pai,Male,26,Kulti,Meghalaya,East
CUST04410,Manya Murthy,Male,21,Srikakulam,Meghalaya,East
CUST04411,Abha Wadhwa,Male,37,Sasaram,Jharkhand,East
CUST04412,Nathaniel Gala,Female,50,Gangtok,Jharkhand,East
CUST04413,Jai Bains,Female,37,Vellore,Rajasthan,North
CUST04414,Divya Ahluwalia,Male,27,Adoni,Chhattisgarh,Central
CUST04415,Eta Rajagopal,Female,37,Bhubaneswar,Chhattisgarh,Central
CUST04416,Oviya Date,Female,36,Erode,Tamil Nadu,South
CUST04417,Praneel Kashyap,Female,18,Lucknow,Punjab,North
CUST04418,Tanveer Kurian,Male,21,Durgapur,Assam,East
CUST04419,Imaran Mitra,Male,50,Serampore,Andhra Pradesh,South
CUST04420,Manan Hayre,Male,45,Kumbakonam,Manipur,East
CUST04421,Bhavini Pai,Female,30,Tezpur,Manipur,East
CUST04422,Kashvi Dada,Male,58,Faridabad,Manipur,East
CUST04423,Samar Karpe,Male,22,Tiruchirappalli,Jharkhand,East
CUST04424,Maanas Kibe,Female,30,Raiganj,Rajasthan,North
CUST04425,Daksh Madan,Female,62,Rajkot,Tamil Nadu,South
CUST04426,Vinaya Ratta,Female,56,Ahmedabad,Madhya Pradesh,Central
CUST04427,Niharika Kanda,Female,55,Saharsa,Maharashtra,West
CUST04428,Aayush Chowdhury,Female,57,Durgapur,Uttar Pradesh,North
CUST04429,Avi Bawa,Female,44,Ambala,Himachal Pradesh,North
CUST04430,Lipika Kulkarni,Female,28,Kurnool,Tripura,East
CUST04431,Pallavi Seth,Male,47,Lucknow,Uttar Pradesh,North
CUST04432,Nidra Tara,Male,49,Tiruppur,Madhya Pradesh,Central
CUST04433,Gautami Kulkarni,Male,18,Raebareli,Punjab,North
CUST04434,Arjun Prabhakar,Male,62,Parbhani,Odisha,East
CUST04435,Ishaan Guha,Male,47,Bhilwara,Punjab,North
CUST04436,Girik Kale,Male,33,Dhanbad,Uttarakhand,North
CUST04437,Faras Chokshi,Female,65,Jalna,Madhya Pradesh,Central
CUST04438,Vaishnavi Pai,Female,65,Panvel,Arunachal Pradesh,East
CUST04439,Yashodhara Banik,Female,31,Rohtak,Rajasthan,North
CUST04440,Darsh Manda,Female,29,Darbhanga,Haryana,North
CUST04441,Ijaya Ravi,Male,41,Danapur,Karnataka,South
CUST04442,Tanay Narayanan,Male,22,Nagaon,Rajasthan,North
CUST04443,Anvi Varma,Female,19,Morena,Jharkhand,East
CUST04444,Ekaja Pandey,Male,27,Thiruvananthapuram,Arunachal Pradesh,East
CUST04445,Harshil Rau,Female,46,Eluru,Jharkhand,East
CUST04446,Imaran Sur,Male,58,Jamalpur,Himachal Pradesh,North
CUST04447,Gavin Barad,Female,20,Surendranagar Dudhrej,Uttar Pradesh,North
CUST04448,Nidhi Vyas,Male,30,Karawal Nagar,Tamil Nadu,South
CUST04449,Rajata Chander,Male,36,Ambarnath,Mizoram,East
CUST04450,Panini Varughese,Male,32,Gorakhpur,Assam,East
CUST04451,Lekha Sarna,Female,64,Adoni,Telangana,South
CUST04452,Rushil Dutta,Male,39,Amritsar,Meghalaya,East
CUST04453,Ekani Bala,Male,29,Jorhat,Gujarat,West
CUST04454,Ranveer Kumer,Male,19,Panvel,Assam,East
CUST04455,Pahal Narang,Male,34,Jalgaon,Nagaland,East
CUST04456,Yatin Patla,Male,19,Shahjahanpur,Odisha,East
CUST04457,Barkha Dutta,Male,42,Silchar,Sikkim,East
CUST04458,Girindra Sidhu,Male,39,Thanjavur,Nagaland,East
CUST04459,Ekalinga Narayanan,Male,37,Khandwa,Maharashtra,West
CUST04460,Sathvik Agrawal,Female,33,Chennai,Chhattisgarh,Central
CUST04461,Samarth Dugar,Female,41,Mangalore,Meghalaya,East
CUST04462,Qushi Kapadia,Male,51,Ratlam,Assam,East
CUST04463,Darsh Gala,Female,63,Cuttack,West Bengal,East
CUST04464,Charita Sandhu,Male,25,Mathura,Andhra Pradesh,South
CUST04465,Rayaan Amble,Male,26,Cuttack,Telangana,South
CUST04466,Tanmayi Kapur,Male,30,Karawal Nagar,Uttar Pradesh,North
CUST04467,Upasna Shah,Female,62,Jamshedpur,Tripura,East
CUST04468,Logan Nagar,Female,38,Ongole,Rajasthan,North
CUST04469,Rushil Agarwal,Female,58,Bangalore,Manipur,East
CUST04470,Madhav Bora,Male,20,Ajmer,Tamil Nadu,South
CUST04471,Lohit Hari,Male,52,Ramagundam,Meghalaya,East
CUST04472,Charles Palla,Female,27,Amroha,Meghalaya,East
CUST04473,Prisha Dara,Female,33,Moradabad,Madhya Pradesh,Central
CUST04474,Radha Palla,Male,58,Sambhal,Tripura,East
CUST04475,Niharika Minhas,Female,26,Medininagar,Punjab,North
CUST04476,Wahab Hayer,Female,31,Shimoga,Andhra Pradesh,South
CUST04477,Jeevika Doshi,Male,48,Ichalkaranji,Chhattisgarh,Central
CUST04478,Janya Hayre,Male,28,Kollam,Tamil Nadu,South
CUST04479,Joshua Chakrabarti,Female,59,Rampur,Haryana,North
CUST04480,Tara Bail,Female,49,Anantapuram,Meghalaya,East
CUST04481,Oviya Bedi,Female,29,Thanjavur,Meghalaya,East
CUST04482,Fitan Narasimhan,Female,63,Jalandhar,Arunachal Pradesh,East
CUST04483,Mekhala Doshi,Female,51,Bangalore,Andhra Pradesh,South
CUST04484,Krish Rattan,Female,63,Karaikudi,Odisha,East
CUST04485,Advika Sidhu,Female,48,Khora ,Manipur,East
CUST04486,Thomas Nagar,Female,55,Guna,Mizoram,East
CUST04487,Ishita Swamy,Female,58,Ghaziabad,Goa,West
CUST04488,Bhanumati Rau,Male,31,Jehanabad,Assam,East
CUST04489,Leena Kibe,Male,30,Munger,West Bengal,East
CUST04490,Wriddhish Dugal,Female,33,Dhule,Assam,East
CUST04491,Liam Reddy,Female,31,Bharatpur,Chhattisgarh,Central
CUST04492,Dayita Ramaswamy,Female,45,Bilaspur,West Bengal,East
CUST04493,Wishi Dave,Female,54,Delhi,Arunachal Pradesh,East
CUST04494,Lohit Bail,Male,41,Dhanbad,Assam,East
CUST04495,Krishna Badal,Female,53,Chandigarh,Odisha,East
CUST04496,Hamsini Mammen,Male,26,Asansol,Meghalaya,East
CUST04497,Nandini Jain,Male,36,Davanagere,Haryana,North
CUST04498,Osha Kalla,Female,51,Khora ,Tamil Nadu,South
CUST04499,Agastya Chakraborty,Female,32,Howrah,Telangana,South
CUST04500,Charles Vora,Male,47,Amritsar,Nagaland,East
CUST04501,Ishaan Aggarwal,Female,45,Katihar,Arunachal Pradesh,East
CUST04502,Vihaan Nayak,Female,47,Amritsar,Karnataka,South
CUST04503,Chandresh Karpe,Female,44,Firozabad,Tamil Nadu,South
CUST04504,Sachi Sahni,Female,49,Hubli–Dharwad,Haryana,North
CUST04505,Meera Garde,Female,35,Anand,Uttar Pradesh,North
CUST04506,Logan Devan,Female,19,Saharsa,Assam,East
CUST04507,Chavvi Shanker,Male,46,Berhampore,West Bengal,East
CUST04508,Idika Kannan,Male,34,Hubli–Dharwad,Arunachal Pradesh,East
CUST04509,Simon Konda,Male,40,Pudukkottai,Maharashtra,West
CUST04510,Samaksh Sem,Male,36,Kolhapur,Bihar,East
CUST04511,Darika Dey,Male,35,Medininagar,Haryana,North
CUST04512,Nikita Parekh,Male,24,Vasai-Virar,Madhya Pradesh,Central
CUST04513,Prisha Srinivas,Male,22,Danapur,Meghalaya,East
CUST04514,Mitali Dass,Female,20,Alappuzha,Haryana,North
CUST04515,Ishita Bakshi,Male,39,Sikar,Tripura,East
CUST04516,Tripti Ratti,Male,61,Guntakal,Goa,West
CUST04517,Pavani Sankaran,Female,34,Raiganj,Mizoram,East
CUST04518,Robert Sem,Female,65,Guwahati,Madhya Pradesh,Central
CUST04519,Omkaar Grover,Female,30,Madhyamgram,Jharkhand,East
CUST04520,Eesha Wason,Male,63,Bhavnagar,Karnataka,South
CUST04521,Vansha Srinivasan,Female,18,Saharanpur,Maharashtra,West
CUST04522,Warhi Rai,Female,36,Nagpur,Nagaland,East
CUST04523,Kala Wali,Female,43,Ratlam,Andhra Pradesh,South
CUST04524,Bina Dash,Female,55,Moradabad,Tripura,East
CUST04525,Forum Subramanian,Male,48,Aurangabad,Assam,East
CUST04526,Indira Randhawa,Male,43,Tiruchirappalli,Nagaland,East
CUST04527,Faris Comar,Male,32,Hajipur,Maharashtra,West
CUST04528,Daksh Patel,Male,48,Kolkata,Tamil Nadu,South
CUST04529,Adweta Madan,Male,51,Nagaon,Manipur,East
CUST04530,Ikshita Sheth,Female,64,Muzaffarpur,Rajasthan,North
CUST04531,Lohit Hayre,Female,39,Amravati,Bihar,East
CUST04532,Harini Arya,Male,38,Guna,Madhya Pradesh,Central
CUST04533,Wakeeta Maharaj,Male,45,Aurangabad,Tripura,East
CUST04534,Neelima Padmanabhan,Female,31,Bokaro,Goa,West
CUST04535,Ranbir Reddy,Female,46,Kochi,Rajasthan,North
CUST04536,Leena Ganguly,Male,41,Ahmedabad,Uttar Pradesh,North
CUST04537,Rohan Bahri,Male,54,Bhilwara,Uttar Pradesh,North
CUST04538,Lekha Sampath,Male,37,Rampur,Tamil Nadu,South
CUST04539,Januja Khare,Male,49,Tumkur,Andhra Pradesh,South
CUST04540,Warda Chanda,Female,39,Farrukhabad,Madhya Pradesh,Central
CUST04541,Nikita Tandon,Male,44,Dhanbad,Telangana,South
CUST04542,Waida Joshi,Female,61,Avadi,Himachal Pradesh,North
CUST04543,Theodore Kumar,Female,62,Amritsar,Himachal Pradesh,North
CUST04544,Pushti Yadav,Female,38,Raichur,West Bengal,East
CUST04545,Amrita Toor,Male,54,Sagar,Nagaland,East
CUST04546,Ira Sanghvi,Male,26,Erode,Uttarakhand,North
CUST04547,Tarak Saraf,Male,39,Dewas,Mizoram,East
CUST04548,Wridesh Dube,Female,42,Jaunpur,Meghalaya,East
CUST04549,Urishilla Agrawal,Male,43,Latur,Goa,West
CUST04550,Tejas Krishnamurthy,Male,52,Latur,West Bengal,East
CUST04551,Geetika Wason,Female,30,Raurkela Industrial Township,Andhra Pradesh,South
CUST04552,Eiravati Bhasin,Female,24,Patna,Punjab,North
CUST04553,Amruta Rattan,Female,54,Dehradun,Telangana,South
CUST04554,Charan Shankar,Female,58,Parbhani,Goa,West
CUST04555,Chakradev Sibal,Female,23,Ambattur,Telangana,South
CUST04556,Lucky Murty,Male,24,Hapur,Sikkim,East
CUST04557,Wyatt Balakrishnan,Male,20,Bidar,Chhattisgarh,Central
CUST04558,Indali Choudhary,Female,19,Agra,Sikkim,East
CUST04559,Aayush Mital,Male,30,Lucknow,Sikkim,East
CUST04560,Girindra Muni,Male,42,Tiruvottiyur,Haryana,North
CUST04561,Liam Shetty,Female,31,Muzaffarpur,Uttarakhand,North
CUST04562,Vyanjana Narayanan,Male,36,Vijayawada,Uttar Pradesh,North
CUST04563,Isaac Dhar,Male,47,Nagercoil,Odisha,East
CUST04564,Anvi Ganesan,Male,41,Secunderabad,Goa,West
CUST04565,Aishani Dixit,Male,28,Nadiad,Goa,West
CUST04566,Indrajit Behl,Female,44,Shimla,Haryana,North
CUST04567,Inaya Pall,Female,28,Tiruvottiyur,Assam,East
CUST04568,Raagini Baria,Male,26,Bhimavaram,Haryana,North
CUST04569,Girindra Brar,Female,48,Avadi,Kerala,South
CUST04570,Dhriti Kannan,Male,42,Patna,Tripura,East
CUST04571,Krishna Som,Male,26,Tinsukia,West Bengal,East
CUST04572,Ojasvi Shah,Male,37,Shahjahanpur,Manipur,East
CUST04573,Lekha Chandran,Female,63,Chandigarh,Sikkim,East
CUST04574,Vamakshi Prasad,Female,28,Rourkela,Tripura,East
CUST04575,Aarini Chaudhuri,Female,55,Khandwa,Andhra Pradesh,South
CUST04576,Jagat Vaidya,Male,50,Katni,Goa,West
CUST04577,Daniel Samra,Female,35,Gwalior,Punjab,North
CUST04578,Wridesh Bahri,Male,18,Tadipatri,Punjab,North
CUST04579,Ethan Sarin,Male,46,Allahabad,Jharkhand,East
CUST04580,Bachittar Narayan,Male,43,Cuttack,Sikkim,East
CUST04581,Ridhi Kari,Male,51,Malegaon,Tripura,East
CUST04582,Avni Karnik,Female,54,Aizawl,Mizoram,East
CUST04583,Gautam Manne,Female,47,Howrah,Chhattisgarh,Central
CUST04584,Xavier Rattan,Female,54,Ambarnath,Arunachal Pradesh,East
CUST04585,Parth Khanna,Male,65,Shahjahanpur,Himachal Pradesh,North
CUST04586,Urishilla Pathak,Male,36,Mango,Madhya Pradesh,Central
CUST04587,Qasim Bhatt,Female,40,Bathinda,Jharkhand,East
CUST04588,Bhavika Kuruvilla,Female,43,Guwahati,Mizoram,East
CUST04589,Chandani Kothari,Male,44,Srikakulam,Kerala,South
CUST04590,Frado Barad,Male,29,Bhimavaram,Meghalaya,East
CUST04591,Jagat Chhabra,Female,47,Pune,Maharashtra,West
CUST04592,Ishwar Sibal,Female,60,Pali,Uttar Pradesh,North
CUST04593,Devansh Seth,Male,62,Nanded,Mizoram,East
CUST04594,Prisha Dhaliwal,Male,43,Meerut,Telangana,South
CUST04595,Veer Dugal,Male,33,Navi Mumbai,Odisha,East
CUST04596,Mekhala Borra,Male,35,Mango,Gujarat,West
CUST04597,Radhika Sule,Female,60,Indore,Kerala,South
CUST04598,Yoshita Seth,Male,62,Mumbai,Manipur,East
CUST04599,Hiral Buch,Male,49,Thiruvananthapuram,Arunachal Pradesh,East
CUST04600,Anusha Nadkarni,Female,53,Hyderabad,Uttar Pradesh,North
CUST04601,Abeer Deep,Male,41,Saharsa,Haryana,North
CUST04602,Bakhshi Kala,Male,24,Sri Ganganagar,Arunachal Pradesh,East
CUST04603,Diya Thakur,Female,44,Bidhannagar,Tripura,East
CUST04604,Champak Khanna,Female,28,Darbhanga,Andhra Pradesh,South
CUST04605,Anjali Reddy,Female,31,Karnal,Jharkhand,East
CUST04606,Madhav Khatri,Male,47,Hosur,Mizoram,East
CUST04607,Chaitanya Borra,Male,22,Jamalpur,Sikkim,East
CUST04608,Sanya Gera,Female,42,Nashik,West Bengal,East
CUST04609,Harish Kohli,Female,65,Parbhani,Madhya Pradesh,Central
CUST04610,Harish Mukherjee,Female,30,Jalgaon,Andhra Pradesh,South
CUST04611,Wahab Wason,Female,20,Mirzapur,Uttar Pradesh,North
CUST04612,Oscar Balay,Male,34,Solapur,Tripura,East
CUST04613,Jairaj Roy,Male,63,Vijayanagaram,Uttarakhand,North
CUST04614,Wazir Yogi,Male,38,Nangloi Jat,Haryana,North
CUST04615,Advik Shukla,Female,49,Shivpuri,Maharashtra,West
CUST04616,Qarin Batra,Female,22,Lucknow,Kerala,South
CUST04617,Faris Kurian,Male,53,Dhanbad,Meghalaya,East
CUST04618,Tanmayi Comar,Male,63,New Delhi,Himachal Pradesh,North
CUST04619,Ayaan Walia,Female,26,Vasai-Virar,Goa,West
CUST04620,Tara Ahuja,Female,35,Jodhpur,Tripura,East
CUST04621,Faris Lanka,Male,28,Mirzapur,Himachal Pradesh,North
CUST04622,Osha Sodhi,Male,56,Tadepalligudem,Madhya Pradesh,Central
CUST04623,Hamsini Ramachandran,Male,29,Ghaziabad,Goa,West
CUST04624,Priya Tara,Female,25,Noida,Manipur,East
CUST04625,Jackson Thaker,Female,28,Ajmer,West Bengal,East
CUST04626,Wridesh Pandya,Male,60,Aligarh,Chhattisgarh,Central
CUST04627,Lakshmi Sastry,Male,61,Nagpur,Kerala,South
CUST04628,Warda Johal,Female,27,Navi Mumbai,Gujarat,West
CUST04629,Bhavini Batra,Female,40,Kolhapur,Gujarat,West
CUST04630,Lajita Biswas,Male,31,Bihar Sharif,Uttar Pradesh,North
CUST04631,Lakshmi Goda,Male,61,Khandwa,Gujarat,West
CUST04632,Aadi Minhas,Male,46,Madurai,Uttar Pradesh,North
CUST04633,Omaja Chatterjee,Male,58,Akola,Rajasthan,North
CUST04634,Kavya Grewal,Male,42,Sasaram,Haryana,North
CUST04635,Mekhala Wali,Female,46,Dhule,Maharashtra,West
CUST04636,Varenya Bala,Male,56,Munger,Karnataka,South
CUST04637,Lila Uppal,Male,21,Lucknow,Gujarat,West
CUST04638,Vihaan Aggarwal,Female,30,Alwar,Nagaland,East
CUST04639,Vidhi Kari,Male,41,Ambattur,Tamil Nadu,South
CUST04640,Hemangini Golla,Male,30,Hindupur,Bihar,East
CUST04641,Vasudha Bhardwaj,Male,19,Ozhukarai,Punjab,North
CUST04642,Ati Bhatt,Female,19,Bilaspur,Arunachal Pradesh,East
CUST04643,Maanav Chandra,Male,39,Tinsukia,Manipur,East
CUST04644,Kabir Varghese,Male,61,Parbhani,Meghalaya,East
CUST04645,Zilmil Hans,Male,32,Chandigarh,Nagaland,East
CUST04646,Sanya Rattan,Male,60,Nangloi Jat,Karnataka,South
CUST04647,Zayyan Sood,Male,64,Amaravati,Punjab,North
CUST04648,Dakshesh Mutti,Male,20,Bhavnagar,Bihar,East
CUST04649,Jeet Choudhry,Female,50,Bongaigaon,West Bengal,East
CUST04650,Gautami Sahni,Male,38,Hazaribagh,Telangana,South
CUST04651,Harsh Andra,Female,53,Solapur,Meghalaya,East
CUST04652,Dhriti Ray,Male,57,Bareilly,Maharashtra,West
CUST04653,Girindra Ganguly,Male,52,Ambarnath,Uttarakhand,North
CUST04654,Saumya Gokhale,Female,45,Kota,Maharashtra,West
CUST04655,Nirja Kamdar,Male,32,Kishanganj,Mizoram,East
CUST04656,Gaurang Kakar,Male,24,Katni,Mizoram,East
CUST04657,Champak Comar,Female,38,Ahmedabad,Meghalaya,East
CUST04658,Pooja Tak,Male,18,Maheshtala,Uttar Pradesh,North
CUST04659,Ishwar Ramachandran,Female,59,Jammu,Maharashtra,West
CUST04660,Wyatt Bose,Female,18,Srikakulam,West Bengal,East
CUST04661,Amrita Bansal,Female,31,Tirupati,Tamil Nadu,South
CUST04662,Xavier Soni,Female,32,Ghaziabad,Kerala,South
CUST04663,Kamya Varty,Male,60,Ambala,Haryana,North
CUST04664,Oviya Keer,Female,59,Jamnagar,Meghalaya,East
CUST04665,Tejas Dube,Female,20,Pondicherry,Tripura,East
CUST04666,Hitesh Sarma,Male,31,Coimbatore,Uttarakhand,North
CUST04667,Ekantika Bhavsar,Female,37,Kumbakonam,West Bengal,East
CUST04668,Praneel Cherian,Female,24,Maheshtala,Madhya Pradesh,Central
CUST04669,Jairaj Rana,Male,34,Aurangabad,Punjab,North
CUST04670,Ishita Kuruvilla,Male,56,Dhule,Telangana,South
CUST04671,Eesha Kaur,Female,58,Satara,Madhya Pradesh,Central
CUST04672,Charles Kibe,Female,61,Nandyal,Punjab,North
CUST04673,Geetika Batra,Male,39,Farrukhabad,Kerala,South
CUST04674,Krishna Mall,Male,58,Kishanganj,Telangana,South
CUST04675,Hritik Sharma,Female,60,Maheshtala,Karnataka,South
CUST04676,Omya Rattan,Female,22,Jabalpur,Gujarat,West
CUST04677,Upma Handa,Female,19,Bidhannagar,Andhra Pradesh,South
CUST04678,Laban Dara,Female,42,Kamarhati,Tamil Nadu,South
CUST04679,Advay Gole,Male,50,Mira-Bhayandar,Rajasthan,North
CUST04680,Onkar Madan,Male,32,Tadepalligudem,Mizoram,East
CUST04681,Darsh Sabharwal,Male,57,Udaipur,Telangana,South
CUST04682,Radha Munshi,Male,37,Kanpur,Bihar,East
CUST04683,Dayita Mannan,Male,65,Gulbarga,Jharkhand,East
CUST04684,Nachiket Balasubramanian,Female,33,Parbhani,Haryana,North
CUST04685,Abhimanyu Morar,Male,21,Bulandshahr,Kerala,South
CUST04686,Jacob Varma,Male,41,Amritsar,Karnataka,South
CUST04687,Anusha Anand,Female,36,Kota,Jharkhand,East
CUST04688,Indali Hans,Male,27,Nellore,Manipur,East
CUST04689,Ekaja Mukhopadhyay,Female,31,Dewas,Uttarakhand,North
CUST04690,Girik Bhalla,Male,33,Kharagpur,West Bengal,East
CUST04691,Ekavir Bala,Female,65,Ratlam,Madhya Pradesh,Central
CUST04692,Amara Golla,Female,26,Vadodara,Rajasthan,North
CUST04693,Wyatt Srinivasan,Female,38,Eluru,Maharashtra,West
CUST04694,Oscar Ganesh,Male,51,Muzaffarpur,Haryana,North
CUST04695,Girik Krishna,Female,59,Amritsar,Rajasthan,North
CUST04696,Amol Kashyap,Female,19,Cuttack,Himachal Pradesh,North
CUST04697,Chaitaly Agate,Male,64,Khandwa,Sikkim,East
CUST04698,Yauvani Guha,Female,39,Alappuzha,Gujarat,West
CUST04699,Charita Varughese,Male,31,Patiala,Himachal Pradesh,North
CUST04700,Urmi Prabhakar,Male,60,Hajipur,Madhya Pradesh,Central
CUST04701,Aachal Barad,Male,61,Mirzapur,Uttar Pradesh,North
CUST04702,Parth Mane,Male,56,Kishanganj,Goa,West
CUST04703,Kiaan Narayan,Female,51,Jaipur,Manipur,East
CUST04704,Samarth Oak,Female,29,Gangtok,West Bengal,East
CUST04705,Nihal Virk,Female,58,Narasaraopet,Himachal Pradesh,North
CUST04706,Abhiram Kothari,Male,22,Mahbubnagar,West Bengal,East
CUST04707,Bhanumati Narain,Female,22,North Dumdum,Punjab,North
CUST04708,Upma Ravel,Male,21,Varanasi,Himachal Pradesh,North
CUST04709,Jeet Virk,Male,31,Kolkata,Arunachal Pradesh,East
CUST04710,Anusha Deshpande,Male,23,Rajpur Sonarpur,Himachal Pradesh,North
CUST04711,Neelima Purohit,Male,55,Chinsurah,Manipur,East
CUST04712,Tanmayi Babu,Male,33,Aligarh,Manipur,East
CUST04713,Rachita Behl,Male,45,Bhilwara,Punjab,North
CUST04714,Fitan Buch,Female,37,Thrissur,Uttar Pradesh,North
CUST04715,Sara Chauhan,Male,64,Katni,Meghalaya,East
CUST04716,Omya Sankaran,Male,33,Mumbai,Rajasthan,North
CUST04717,Faraj Tiwari,Female,29,Jaipur,Sikkim,East
CUST04718,Leena Swamy,Male,37,Bhilwara,Odisha,East
CUST04719,Samarth Mander,Female,54,Arrah,Punjab,North
CUST04720,Zansi Narang,Female,58,Alwar,Karnataka,South
CUST04721,Gautami Rege,Male,35,Gangtok,Uttar Pradesh,North
CUST04722,Vedhika Oza,Female,23,Ranchi,Chhattisgarh,Central
CUST04723,Pranav Saran,Female,43,Chittoor,Uttarakhand,North
CUST04724,Garima Sehgal,Female,28,Dewas,Arunachal Pradesh,East
CUST04725,Ganga Bhalla,Female,46,Siwan,Karnataka,South
CUST04726,Priya Gera,Female,50,Barasat,Mizoram,East
CUST04727,Nisha Krish,Female,27,Chapra,Haryana,North
CUST04728,Charles Rajan,Female,19,North Dumdum,Mizoram,East
CUST04729,Timothy Bahl,Female,45,Lucknow,Tripura,East
CUST04730,Lohit Sarna,Male,37,Ghaziabad,Karnataka,South
CUST04731,Sathvik Agarwal,Male,53,Ambala,West Bengal,East
CUST04732,Manan Suri,Male,34,Etawah,Mizoram,East
CUST04733,Vaishnavi Bava,Female,47,Munger,Karnataka,South
CUST04734,Manan Behl,Female,47,Bhusawal,Gujarat,West
CUST04735,Daksha Manda,Female,42,Hindupur,Himachal Pradesh,North
CUST04736,Yashoda Purohit,Female,22,Muzaffarpur,Bihar,East
CUST04737,Matthew Hayre,Female,26,Uluberia,Manipur,East
CUST04738,Gaurang Sood,Female,30,Sultan Pur Majra,Haryana,North
CUST04739,Sanya Mitra,Male,30,Raurkela Industrial Township,Manipur,East
CUST04740,Priya Ghose,Male,18,Bhavnagar,Madhya Pradesh,Central
CUST04741,Manya Saxena,Female,49,Kalyan-Dombivli,Mizoram,East
CUST04742,Warhi Lanka,Female,44,Dindigul,Punjab,North
CUST04743,Bhavini Khatri,Female,65,Ambala,Tamil Nadu,South
CUST04744,Lakshit Pandya,Female,42,Amroha,Telangana,South
CUST04745,Zehaan Bala,Female,37,Fatehpur,Madhya Pradesh,Central
CUST04746,Oni Soman,Male,44,Nagpur,Himachal Pradesh,North
CUST04747,Arin Srinivasan,Male,25,Bhind,Kerala,South
CUST04748,Darika Saxena,Female,54,Kollam,Jharkhand,East
CUST04749,Faqid Nadig,Male,30,Dhule,Rajasthan,North
CUST04750,Daniel Bhardwaj,Female,34,Ranchi,Odisha,East
CUST04751,Bahadurjit Rege,Female,50,Sikar,Kerala,South
CUST04752,Wyatt Mannan,Female,58,Tiruvottiyur,Haryana,North
CUST04753,Pahal Pau,Female,62,Tiruvottiyur,Goa,West
CUST04754,Kalpit Sabharwal,Male,59,Patna,Rajasthan,North
CUST04755,Balhaar Lad,Female,45,Bhopal,West Bengal,East
CUST04756,Ekaraj Bhasin,Male,33,Aizawl,Odisha,East
CUST04757,Oviya Brahmbhatt,Female,20,Ghaziabad,Tamil Nadu,South
CUST04758,Dipta Buch,Female,58,Motihari,Bihar,East
CUST04759,Yadavi Kale,Male,62,Bally,Madhya Pradesh,Central
CUST04760,Faraj Muni,Male,34,Nandyal,Manipur,East
CUST04761,Girik Uppal,Female,61,Sasaram,Meghalaya,East
CUST04762,Avni Shenoy,Male,34,Silchar,Sikkim,East
CUST04763,Manan Babu,Male,56,Guntur,Kerala,South
CUST04764,Hemal Prasad,Male,18,Hajipur,Rajasthan,North
CUST04765,Anya Gala,Male,23,Ahmednagar,Andhra Pradesh,South
CUST04766,Quincy Taneja,Female,43,Baranagar,West Bengal,East
CUST04767,Diya Mall,Male,51,New Delhi,Punjab,North
CUST04768,Owen Dugal,Male,45,Nizamabad,Arunachal Pradesh,East
CUST04769,Ekalinga Kalita,Male,45,Katihar,Madhya Pradesh,Central
CUST04770,Bachittar Morar,Female,62,Aizawl,Manipur,East
CUST04771,Tanay Chana,Female,50,Malda,Telangana,South
CUST04772,Oliver Lal,Female,55,Dewas,West Bengal,East
CUST04773,Kabir Agate,Female,64,Khammam,Punjab,North
CUST04774,Baghyawati Chauhan,Female,64,Rourkela,Telangana,South
CUST04775,Yamini Srivastava,Male,24,Raurkela Industrial Township,Assam,East
CUST04776,Odika Mukherjee,Female,27,Nangloi Jat,Jharkhand,East
CUST04777,Samar Chana,Female,65,Ambarnath,Assam,East
CUST04778,Abhiram Dhaliwal,Male,65,Kottayam,Kerala,South
CUST04779,Amara Sahota,Female,62,Deoghar,Uttarakhand,North
CUST04780,Ikshita Kade,Female,18,Rourkela,Tamil Nadu,South
CUST04781,Vrinda Narang,Male,49,Udupi,Arunachal Pradesh,East
CUST04782,Faqid Garde,Male,24,Bathinda,Kerala,South
CUST04783,Krisha Sharma,Male,62,Udupi,Goa,West
CUST04784,Samesh Chatterjee,Female,51,Bijapur,Nagaland,East
CUST04785,Benjamin Bhakta,Female,59,Katihar,Assam,East
CUST04786,Lekha Gulati,Female,64,Warangal,Tamil Nadu,South
CUST04787,Devika Dugar,Female,28,Narasaraopet,Kerala,South
CUST04788,Wyatt Ben,Male,41,Malegaon,Assam,East
CUST04789,Mohammed Sodhi,Male,63,Sagar,Assam,East
CUST04790,Chakrika Ratti,Male,30,Thiruvananthapuram,Haryana,North
CUST04791,Gaurangi Parekh,Female,29,Thiruvananthapuram,West Bengal,East
CUST04792,Dev Nagi,Male,46,Agra,Gujarat,West
CUST04793,Damyanti Minhas,Male,29,Hospet,Manipur,East
CUST04794,Harish Batta,Male,21,Karimnagar,Punjab,North
CUST04795,Dhriti Nagarajan,Male,30,Vellore,Telangana,South
CUST04796,Wazir Mody,Female,44,Avadi,Bihar,East
CUST04797,Guneet Dhaliwal,Female,58,Srikakulam,West Bengal,East
CUST04798,Harita Dua,Male,58,Erode,Jharkhand,East
CUST04799,Harshil Bajaj,Male,23,Vasai-Virar,Tamil Nadu,South
CUST04800,Lajita Chander,Female,23,Allahabad,Tripura,East
CUST04801,Nathaniel Krishna,Female,25,Amravati,Madhya Pradesh,Central
CUST04802,Omisha Thakur,Female,22,Saharanpur,Sikkim,East
CUST04803,Xalak Parekh,Female,19,Tirunelveli,Rajasthan,North
CUST04804,Lakshmi Dhingra,Male,48,Dehri,Gujarat,West
CUST04805,Watika Chadha,Female,61,Hyderabad,Kerala,South
CUST04806,Liam Pandey,Male,18,Bikaner,Tripura,East
CUST04807,Tamanna Bawa,Male,35,Sangli-Miraj & Kupwad,Chhattisgarh,Central
CUST04808,Chakradhar Sheth,Male,60,Karaikudi,Karnataka,South
CUST04809,Kabir Kumar,Male,24,Miryalaguda,Manipur,East
CUST04810,Maanav Palla,Male,51,Sagar,Karnataka,South
CUST04811,Chaitanya Narula,Male,42,Siliguri,Rajasthan,North
CUST04812,Amol Rai,Female,49,Tumkur,Nagaland,East
CUST04813,Oscar Gopal,Female,39,Ahmedabad,Maharashtra,West
CUST04814,Charita Sood,Female,39,Hospet,Uttar Pradesh,North
CUST04815,Harita Barman,Female,61,Bardhaman,West Bengal,East
CUST04816,Yadavi Tiwari,Female,38,Junagadh,Madhya Pradesh,Central
CUST04817,Samarth Banik,Male,41,Pali,Karnataka,South
CUST04818,Raagini Desai,Female,42,Kottayam,Nagaland,East
CUST04819,Yashoda Uppal,Male,40,Eluru,Kerala,South
CUST04820,Wazir Borah,Female,24,Pali,Sikkim,East
CUST04821,Omaja Dave,Male,47,Gudivada,Andhra Pradesh,South
CUST04822,Guneet Hari,Female,64,Bangalore,Himachal Pradesh,North
CUST04823,Aradhana Sekhon,Male,19,Gangtok,Punjab,North
CUST04824,Tanish Upadhyay,Male,51,Dhule,Karnataka,South
CUST04825,Aahana Verma,Female,62,Sambalpur,Nagaland,East
CUST04826,Bimala Morar,Male,41,Giridih,Tamil Nadu,South
CUST04827,Aashi Sharaf,Female,57,Mirzapur,Haryana,North
CUST04828,Ridhi Dave,Female,50,Giridih,Kerala,South
CUST04829,Nilima Som,Female,60,Pimpri-Chinchwad,Uttarakhand,North
CUST04830,Timothy Date,Male,18,Kumbakonam,Andhra Pradesh,South
CUST04831,Yashvi Varughese,Female,19,Dehri,Telangana,South
CUST04832,Garima Rai,Female,20,Guntakal,Goa,West
CUST04833,Quincy Dutt,Female,61,Jorhat,Andhra Pradesh,South
CUST04834,Tejas Dube,Female,32,Dindigul,Gujarat,West
CUST04835,Rajeshri Uppal,Female,43,Purnia,Nagaland,East
CUST04836,Pahal Sundaram,Male,40,Shimla,Mizoram,East
CUST04837,Mohini Mallick,Female,48,Suryapet,Haryana,North
CUST04838,Amruta Mand,Male,64,Ramgarh,Meghalaya,East
CUST04839,Manan Buch,Female,36,Raurkela Industrial Township,Rajasthan,North
CUST04840,Finn Sridhar,Male,63,Hapur,Sikkim,East
CUST04841,Nathan Thakur,Male,51,Panipat,Nagaland,East
CUST04842,Aradhana Chahal,Male,26,Jalna,Mizoram,East
CUST04843,Naksh Sangha,Female,23,North Dumdum,Tripura,East
CUST04844,Jacob Tailor,Female,61,Bardhaman,Karnataka,South
CUST04845,Amrita Ray,Female,28,Ratlam,Assam,East
CUST04846,Rajata Mukhopadhyay,Female,25,Pudukkottai,Madhya Pradesh,Central
CUST04847,Prisha Khanna,Female,60,Dhanbad,Odisha,East
CUST04848,Indali Thaman,Male,33,Ghaziabad,Uttarakhand,North
CUST04849,Meghana Handa,Male,28,Guwahati,Tripura,East
CUST04850,Vaishnavi Dubey,Male,24,Parbhani,Chhattisgarh,Central
CUST04851,Avni Kale,Female,63,Ghaziabad,Goa,West
CUST04852,Lakshmi Roy,Male,28,Tezpur,Rajasthan,North
CUST04853,Rajata Bawa,Female,42,Guna,Arunachal Pradesh,East
CUST04854,Abhiram Jani,Female,32,Dewas,Nagaland,East
CUST04855,Ekbal Nath,Female,60,Bahraich,Telangana,South
CUST04856,Kavya Vyas,Female,60,Silchar,Telangana,South
CUST04857,Hemang Pal,Male,60,Bhilwara,Himachal Pradesh,North
CUST04858,Amol Pai,Male,52,Bhimavaram,Chhattisgarh,Central
CUST04859,Banjeet Sarkar,Female,23,Shimoga,Telangana,South
CUST04860,Lakshit Tandon,Female,32,Nashik,Rajasthan,North
CUST04861,Samuel Rana,Male,59,Chapra,Assam,East
CUST04862,Michael Wali,Female,42,Alappuzha,Manipur,East
CUST04863,Yachana Patla,Female,59,Tirunelveli,Assam,East
CUST04864,Ekani Kalla,Female,32,Jaipur,Sikkim,East
CUST04865,Sudiksha Oak,Male,34,Jamalpur,Chhattisgarh,Central
CUST04866,Nathan Raju,Male,36,Erode,Himachal Pradesh,North
CUST04867,Kamala Rao,Male,25,Anand,Himachal Pradesh,North
CUST04868,Megha Agate,Male,39,Kishanganj,Punjab,North
CUST04869,Vasana Oza,Male,65,Phusro,Tamil Nadu,South
CUST04870,Yamini Bhattacharyya,Male,54,Karawal Nagar,Kerala,South
CUST04871,Ekapad Dua,Female,26,Dewas,Bihar,East
CUST04872,Noah Nori,Female,42,Salem,Maharashtra,West
CUST04873,Pranav Venkatesh,Male,37,Hazaribagh,Tripura,East
CUST04874,Vamakshi Magar,Male,55,Raiganj,Maharashtra,West
CUST04875,Ladli Nagar,Male,42,Ongole,Andhra Pradesh,South
CUST04876,Eshana Mitter,Female,38,Bhagalpur,Rajasthan,North
CUST04877,Tristan Sankaran,Female,61,Kumbakonam,Bihar,East
CUST04878,Nirja Ghosh,Male,51,Delhi,Uttarakhand,North
CUST04879,Chatura Sur,Male,24,New Delhi,Jharkhand,East
CUST04880,Hiral Kade,Female,18,Guntakal,Manipur,East
CUST04881,Jeet Behl,Female,38,Bhubaneswar,Bihar,East
CUST04882,Zayyan Shere,Male,36,Berhampur,Tripura,East
CUST04883,Adya Khosla,Male,49,Firozabad,Tamil Nadu,South
CUST04884,Kiaan Ghose,Female,27,Ambarnath,Manipur,East
CUST04885,Nandini Kumar,Female,27,Rajahmundry,Karnataka,South
CUST04886,Vinaya More,Male,56,Singrauli,Nagaland,East
CUST04887,Kavya Sibal,Female,37,Udupi,Sikkim,East
CUST04888,Max Khanna,Male,35,Jorhat,Kerala,South
CUST04889,Ikshita Badami,Female,58,Shivpuri,Telangana,South
CUST04890,Vinaya Pathak,Male,49,Alappuzha,Madhya Pradesh,Central
CUST04891,Nachiket Wali,Female,63,Kochi,Tripura,East
CUST04892,Nirja Ganesh,Female,21,Kakinada,Telangana,South
CUST04893,Sachi Agarwal,Female,27,Surat,Manipur,East
CUST04894,Zayan Rattan,Male,64,Jalandhar,Himachal Pradesh,North
CUST04895,Vrinda Korpal,Male,62,Amravati,Nagaland,East
CUST04896,Ekaja Oak,Male,29,Kadapa,Tamil Nadu,South
CUST04897,Xalak Mander,Female,64,Sambhal,Arunachal Pradesh,East
CUST04898,Triya Bal,Female,37,Narasaraopet,Uttarakhand,North
CUST04899,Harrison Bahl,Male,19,Jaunpur,Kerala,South
CUST04900,Balveer Cheema,Female,39,Vadodara,Madhya Pradesh,Central
CUST04901,Anamika Bandi,Female,61,Tinsukia,Maharashtra,West
CUST04902,Dhriti Murthy,Female,40,Sikar,Tamil Nadu,South
CUST04903,Imaran Patla,Female,43,Jamalpur,Tripura,East
CUST04904,Sai Ratti,Male,51,Nagercoil,Gujarat,West
CUST04905,Vidhi Khatri,Female,36,Raurkela Industrial Township,Tamil Nadu,South
CUST04906,Chakradev Suresh,Male,62,Malda,Chhattisgarh,Central
CUST04907,Tanish Madan,Female,24,Kakinada,Haryana,North
CUST04908,Hredhaan Hari,Male,38,Aurangabad,Himachal Pradesh,North
CUST04909,Champak Sidhu,Male,63,Dehradun,Meghalaya,East
CUST04910,Utkarsh Sankaran,Female,47,Kamarhati,Karnataka,South
CUST04911,Odika Sathe,Male,54,Agartala,Mizoram,East
CUST04912,Rohan Apte,Male,46,Sirsa,Sikkim,East
CUST04913,Januja Sarkar,Female,36,Kishanganj,Uttarakhand,North
CUST04914,Madhavi Bakshi,Male,31,Tiruvottiyur,Goa,West
CUST04915,Warjas Sinha,Male,65,Jabalpur,Chhattisgarh,Central
CUST04916,Pushti Chawla,Male,65,Cuttack,Sikkim,East
CUST04917,Rohan Ganesan,Male,41,Bilaspur,Rajasthan,North
CUST04918,Ekantika Dutt,Male,61,Gwalior,Bihar,East
CUST04919,Manan Nath,Male,42,Singrauli,Tripura,East
CUST04920,Siya Lalla,Female,61,Burhanpur,Kerala,South
CUST04921,Pratyush Prasad,Male,21,Parbhani,Jharkhand,East
CUST04922,Imaran Verma,Male,40,Katihar,Sikkim,East
CUST04923,Frederick Kala,Female,29,Hospet,Gujarat,West
CUST04924,Hamsini Dhawan,Male,25,Tiruppur,Nagaland,East
CUST04925,Tarak Saxena,Female,55,Anand,Jharkhand,East
CUST04926,Ati Taneja,Female,27,Bhilwara,Madhya Pradesh,Central
CUST04927,Noah Bala,Female,33,Bhilwara,Sikkim,East
CUST04928,Rushil Kibe,Male,25,Shimoga,Arunachal Pradesh,East
CUST04929,Indrajit Goyal,Male,43,Gulbarga,Nagaland,East
CUST04930,Lopa Apte,Female,37,Mumbai,Mizoram,East
CUST04931,Megha Manne,Male,59,Karawal Nagar,Arunachal Pradesh,East
CUST04932,Oviya Subramanian,Female,62,Moradabad,Nagaland,East
CUST04933,Udyati Purohit,Male,47,Mahbubnagar,Kerala,South
CUST04934,Vasudha Sama,Female,35,Amritsar,Rajasthan,North
CUST04935,Qasim Chandra,Female,41,Siliguri,Arunachal Pradesh,East
CUST04936,Zaitra Rana,Male,25,Dewas,Bihar,East
CUST04937,Tristan Basu,Male,23,Nanded,Madhya Pradesh,Central
CUST04938,Falguni Rattan,Male,49,Srikakulam,Maharashtra,West
CUST04939,Chanchal Chopra,Male,19,Rewa,Arunachal Pradesh,East
CUST04940,Vihaan Bahri,Female,35,Chandrapur,Uttar Pradesh,North
CUST04941,Vidhi Aurora,Male,55,Bihar Sharif,Chhattisgarh,Central
CUST04942,Ishwar Seshadri,Male,42,Amravati,Nagaland,East
CUST04943,Kashvi Chaudhry,Female,59,Sikar,Nagaland,East
CUST04944,Mahika Shetty,Female,37,Surendranagar Dudhrej,Himachal Pradesh,North
CUST04945,Jacob Natarajan,Male,24,Jabalpur,Punjab,North
CUST04946,Mitali Devi,Female,22,Tirunelveli,Madhya Pradesh,Central
CUST04947,Logan Ghosh,Male,43,Bhusawal,Odisha,East
CUST04948,Yashvi Shah,Male,43,Bally,Mizoram,East
CUST04949,Lohit Kata,Female,22,Arrah,Nagaland,East
CUST04950,Yahvi Misra,Male,31,Gwalior,Andhra Pradesh,South
CUST04951,Janaki Sen,Male,29,Khammam,West Bengal,East
CUST04952,Varsha Mukhopadhyay,Male,18,Nizamabad,Madhya Pradesh,Central
CUST04953,Hemani Das,Female,38,Ujjain,Telangana,South
CUST04954,Daksha Batta,Male,20,Saharanpur,Nagaland,East
CUST04955,Ranbir Chadha,Male,54,Arrah,Mizoram,East
CUST04956,Advik Kannan,Male,59,Madanapalle,Manipur,East
CUST04957,Waida Tailor,Male,23,Shivpuri,Tamil Nadu,South
CUST04958,Rehaan Bali,Female,20,Bulandshahr,Mizoram,East
CUST04959,Dakshesh Mitter,Male,25,Bikaner,Himachal Pradesh,North
CUST04960,Aayush Narayan,Female,41,Katni,Himachal Pradesh,North
CUST04961,Ekani Joshi,Male,45,Sultan Pur Majra,Madhya Pradesh,Central
CUST04962,Jack Setty,Male,33,Berhampore,Manipur,East
CUST04963,Darsh Andra,Female,20,Parbhani,Haryana,North
CUST04964,Ekta Sha,Female,60,Vijayawada,Rajasthan,North
CUST04965,Warjas Basu,Female,26,Kamarhati,Goa,West
CUST04966,Osha Seth,Female,62,Panchkula,Himachal Pradesh,North
CUST04967,Jackson Acharya,Female,51,Hosur,Himachal Pradesh,North
CUST04968,Chavvi Sarna,Female,56,Bhiwandi,Nagaland,East
CUST04969,Hemangini Ram,Male,62,Mau,West Bengal,East
CUST04970,Nicholas Sule,Male,60,Malda,Punjab,North
CUST04971,Chandani Sood,Male,33,Kochi,Bihar,East
CUST04972,Charan Sule,Male,30,Katni,Jharkhand,East
CUST04973,Janaki Mann,Male,37,Gurgaon,Karnataka,South
CUST04974,Mason Vala,Male,26,Saharanpur,Goa,West
CUST04975,Shivansh Minhas,Male,55,Agartala,Sikkim,East
CUST04976,Samar Anne,Female,35,Nadiad,Mizoram,East
CUST04977,Omaja Apte,Male,64,Nadiad,Telangana,South
CUST04978,Nikita Bir,Female,22,Kadapa,Chhattisgarh,Central
CUST04979,Vamakshi Bandi,Female,34,Gandhidham,Manipur,East
CUST04980,Kavya Sidhu,Female,59,Tiruppur,Odisha,East
CUST04981,Maanas Puri,Male,43,Mehsana,Manipur,East
CUST04982,Sachi Boase,Female,23,Pimpri-Chinchwad,Manipur,East
CUST04983,Ishita Dasgupta,Female,61,Begusarai,Punjab,North
CUST04984,Orinder Grover,Female,62,Vellore,Nagaland,East
CUST04985,Bhavna Jaggi,Male,52,Ahmednagar,Gujarat,West
CUST04986,Charles Dhar,Male,22,Tadepalligudem,Odisha,East
CUST04987,Zayyan Mammen,Female,58,Lucknow,Uttar Pradesh,North
CUST04988,Ayaan Purohit,Male,63,Ambattur,Sikkim,East
CUST04989,Mohini Padmanabhan,Female,54,Jhansi,Karnataka,South
CUST04990,Manya Naidu,Male,44,Khora ,Jharkhand,East
CUST04991,Laban Tiwari,Male,38,Latur,Meghalaya,East
CUST04992,Bachittar Raja,Female,42,Nizamabad,Mizoram,East
CUST04993,Bhavna Wali,Male,56,Mau,Haryana,North
CUST04994,Jackson Venkatesh,Male,22,Bardhaman,Goa,West
CUST04995,Inaya Mukhopadhyay,Female,25,Bettiah,Uttar Pradesh,North
CUST04996,Ekiya Kota,Male,61,Bulandshahr,Tripura,East
CUST04997,Kevin Patla,Female,22,Ludhiana,Meghalaya,East
CUST04998,Sanya Ranganathan,Female,58,Bokaro,Arunachal Pradesh,East
CUST04999,Kalpit Ganguly,Male,41,Kulti,Assam,East
CUST05000,Bakhshi Chander,Female,35,Karaikudi,Madhya Pradesh,Central
